step,rank,attempt,scalar_coupling_sweep,dt,attempt_status,corrector,refinement,kind,invoked,iterations,A_calls,M_calls,linear_initial,linear_final,linear_criterion_valid,linear_rhs_norm,linear_atol,linear_rtol,linear_residual_limit,prepare_ns,solve_ns,close_ns,A_ns,M_ns,dot_ns,reduce_ns,update_ns,mg_refill_ns,mg_copy_ns,structured_wait_ns,structured_control_ns,globalization_valid,baseline_candidates,extrapolated_candidates,ladder_candidates,incomplete_candidates,candidate_ns,baseline_continuity,baseline_energy,selected_continuity,selected_energy,selected_alpha,dropped_loops,mg_enabled,mg_complete,mg_attempts,mg_successes,mg_failures,mg_apply_ns,mg_reduction_ns,mg_halo_wait_ns,mg_halo_control_ns,mg_halo_control_calls,mg_pre_smooth_calls,mg_pre_smooth_ns,mg_residual_calls,mg_residual_ns,mg_restriction_calls,mg_restriction_ns,mg_prolongation_calls,mg_prolongation_ns,mg_post_smooth_calls,mg_post_smooth_ns,mg_terminal_calls,mg_terminal_ns,mg_direct_mpi_calls,mg_direct_mpi_ns,mg_finest_pre_smooth_ns,mg_finest_post_smooth_ns,fgmres_available,fgmres_norm_restarts,fgmres_unsafe_norms,fgmres_discarded_columns,fgmres_explicit_reorthogonalizations,fgmres_unsafe_restarts,fgmres_happy_restarts,fgmres_length_restarts,fgmres_initial_residual_applies,fgmres_arnoldi_applies,fgmres_unsafe_residual_applies,fgmres_interior_residual_applies,fgmres_cycle_residual_applies,source_meta_sha256
10511,106,1,1,1.3808912271980337e-05,0,1,0,2,1,27,39,27,0.13515187240323825,9.0361531319228063e-06,1,0.13515187240323825,1e-08,0.0001,1.3515187240323827e-05,122126022,1253182749,2828024,709672653,314370046,9874256,128671640,5308803,83804,0,65896502,3675995,1,1,0,1,0,324519324,0.00032939570572548777,8.7393518257814574e-05,2.2391086320965667e-07,3.384227121261353e-07,1,0,1,1,27,27,0,314258920,12007781,50024020,0,0,405,108892201,0,0,405,42628445,405,15291089,405,55445838,162,28199825,1512,16143191,76196252,40231483,1,8,8,8,0,8,0,0,1,27,8,3,0,5eb7747ecbde451de49ea2bb0b40c31b43aa1915d4f074ed405d0301b7d991a6
10511,106,1,1,1.3808912271980337e-05,0,2,0,1,1,19,29,19,0.2620413490470081,1.4763014894235304e-05,1,0.16396622043571249,1e-08,0.0001,1.6396622043571251e-05,15436647,384953162,2714928,102580915,221774458,14641915,7588657,7322802,11143978,1679116,33884647,10055699,1,1,0,1,0,298979221,0.00046130881311836285,0.00012018337847241932,3.425745204770239e-06,0.00012789016682760205,1,0,1,1,19,19,0,221715346,10201259,33871756,0,0,285,77490584,0,0,285,29705786,285,10820621,285,37168389,114,19530993,1064,10720623,55637225,26666487,1,4,5,4,1,4,0,0,1,19,4,5,0,5eb7747ecbde451de49ea2bb0b40c31b43aa1915d4f074ed405d0301b7d991a6
10511,106,1,1,1.3808912271980337e-05,0,2,1,1,1,32,45,32,0.015862174636017808,1.4161817327297049e-08,1,0.015862174636017808,1e-08,9.9999999999999995e-07,1.5862174636017806e-08,15090458,645976370,2798432,161930464,371436064,31597909,14500990,17713325,10728626,1557369,69306649,16359527,1,1,0,1,0,301738002,3.425745204770239e-06,0.00012789016682760205,4.2412136409121296e-06,2.0728866895427739e-05,1,0,1,1,32,32,0,371339372,15437383,69291738,0,0,480,140074054,0,0,480,49523645,480,18243709,480,57797260,192,33954179,1792,18301766,91238678,40898046,1,5,5,5,0,5,0,0,1,32,5,7,0,5eb7747ecbde451de49ea2bb0b40c31b43aa1915d4f074ed405d0301b7d991a6
10511,106,1,1,1.3808912271980337e-05,0,2,2,1,1,27,41,27,0.0015942552553563044,5.8388899337860778e-09,1,0.0015942552553563044,1e-08,2.1158303710747213e-06,1e-08,14748861,544687859,2718438,149973433,320721248,13721871,13722916,4608533,10427431,1491796,58452830,18371845,1,1,1,0,0,302359043,4.2412136409121296e-06,2.0728866895427739e-05,1.4956682784053168e-06,6.2033010580826668e-06,1.1981527639935912,0,1,1,27,27,0,320625209,15814310,58441150,0,0,405,112787813,0,0,405,44630883,405,15618141,405,53750672,162,29704755,1512,16721612,81307069,36297006,1,7,7,7,1,7,0,0,1,27,7,6,0,5eb7747ecbde451de49ea2bb0b40c31b43aa1915d4f074ed405d0301b7d991a6
10511,106,1,1,1.3808912271980337e-05,0,2,3,1,1,28,41,28,0.00048217153961915377,8.6357737790818574e-09,1,0.00048217153961915377,1e-08,9.9999999999999995e-07,1e-08,16060968,564818713,2712359,147936005,321600645,25249306,13233773,12548798,11596800,1769860,54742878,14931872,1,1,1,0,0,297458992,1.4956682784053168e-06,6.2033010580826668e-06,1.2926582937033386e-06,5.3872250064445417e-06,1.7155354588191363,0,1,1,28,28,0,321518280,14781992,54731673,0,0,420,114478202,0,0,420,43466810,420,18530665,420,50656038,168,29438911,1568,15927006,81312073,35469604,1,6,6,6,0,6,0,0,1,28,6,6,0,5eb7747ecbde451de49ea2bb0b40c31b43aa1915d4f074ed405d0301b7d991a6
10511,106,1,1,1.3808912271980337e-05,0,2,4,1,1,25,35,25,0.00042290516003619518,8.751953179196154e-09,1,0.00042290516003619518,1e-08,9.9999999999999995e-07,1e-08,14623735,710424889,2639604,127353545,395134657,24308755,42827554,11588252,10446222,1590641,111752481,13079836,1,1,1,1,0,537504660,1.2926582937033386e-06,5.3872250064445417e-06,2.1103261351428625e-07,7.5221407938637208e-07,1,0,1,1,25,25,0,395038152,44537692,111743082,0,0,375,115431514,0,0,375,71038991,375,15453074,375,45054407,150,43216996,1400,31296344,71823628,31170196,1,4,4,4,0,4,0,0,1,25,4,5,0,5eb7747ecbde451de49ea2bb0b40c31b43aa1915d4f074ed405d0301b7d991a6
10512,106,1,1,1.3808912271980337e-05,0,1,0,2,1,25,40,25,0.13540119174591983,1.1137232919519084e-05,1,0.13523027070482063,1e-08,0.0001,1.3523027070482063e-05,135166065,1244899659,2618703,722763602,289736450,9811329,116605237,4752762,11503136,1762340,58366103,3602314,1,1,0,1,0,326783945,0.00031205354691063995,7.7477274071909675e-05,2.1597472140589223e-07,3.5218360828250723e-07,1,0,1,1,25,25,0,289651682,12255169,43619543,0,0,375,98290437,0,0,375,39836856,375,13800718,375,50600492,150,25617113,1400,14605504,69266659,36910990,1,8,9,8,1,8,0,0,1,25,8,6,0,5eb7747ecbde451de49ea2bb0b40c31b43aa1915d4f074ed405d0301b7d991a6
10512,106,1,1,1.3808912271980337e-05,0,2,0,1,1,18,26,18,0.26111057611272004,1.1797177635078724e-05,1,0.16312459418448005,1e-08,0.0001,1.6312459418448006e-05,15688288,375018231,2504198,92575095,209482053,19670353,8363174,13022021,10625922,1608022,32442179,8967620,1,1,0,1,0,303244755,0.00039715019468961608,0.00010364567551202407,3.1641525387010635e-06,0.00011081995666844466,1,0,1,1,18,18,0,209426005,9371219,32429638,0,0,270,72363254,0,0,270,28597775,270,10057007,270,35229562,108,18388084,1008,10554966,52186167,25399192,1,2,2,2,0,2,0,0,1,18,2,5,0,5eb7747ecbde451de49ea2bb0b40c31b43aa1915d4f074ed405d0301b7d991a6
10512,106,1,1,1.3808912271980337e-05,0,2,1,1,1,36,56,36,0.015782040343763074,1.3213651137374546e-08,1,0.015782040343763074,1e-08,9.9999999999999995e-07,1.5782040343763072e-08,14882978,938287458,2784482,203962448,543451160,17903112,64206191,6183768,10668723,1719338,138979173,23783720,1,1,0,1,0,409848072,3.1641525387010635e-06,0.00011081995666844466,3.7073480173787915e-06,1.7642815161423369e-05,1,0,1,1,36,36,0,543330096,62945581,138952953,0,0,540,187714277,0,0,540,68536946,540,37029721,540,68015744,216,54885580,2016,37510486,106003810,46261586,1,11,11,11,1,11,0,0,1,36,11,8,0,5eb7747ecbde451de49ea2bb0b40c31b43aa1915d4f074ed405d0301b7d991a6
10512,106,1,1,1.3808912271980337e-05,0,2,2,1,1,24,35,24,0.0015842417750910149,7.9812421808657804e-09,1,0.0015842417750910149,1e-08,1.8028126806246755e-06,1e-08,21763269,583841544,2786922,142311478,347814869,17269103,27168291,7684172,13700598,1583351,113303495,30147539,1,1,1,0,0,349034176,3.7073480173787915e-06,1.7642815161423369e-05,1.4603016907350001e-06,5.5938531334343484e-06,1.1941911983531794,0,1,1,24,24,0,347753428,21372517,113291963,0,0,360,126968325,0,0,360,54958539,360,14601953,360,60871456,144,25648438,1344,14734147,70047129,30803220,1,4,5,4,1,4,0,0,1,24,4,6,0,5eb7747ecbde451de49ea2bb0b40c31b43aa1915d4f074ed405d0301b7d991a6
10512,106,1,1,1.3808912271980337e-05,0,2,3,1,1,24,33,24,0.00047108417267746936,9.4005214315272369e-09,1,0.00047108417267746936,1e-08,9.9999999999999995e-07,1e-08,15169063,611649879,2754621,122895361,303602220,46732840,30604152,28667100,10818631,1561520,62623748,15389713,1,1,1,0,0,355132025,1.4603016907350001e-06,5.5938531334343484e-06,1.3507024351986628e-06,5.4237977996835486e-06,1.7579302643052557,0,1,1,24,24,0,303534495,26671320,62611309,0,0,360,111648546,0,0,360,37647444,360,13689107,360,45817803,144,25793673,1344,14329463,66069353,31905794,1,2,2,2,0,2,0,0,1,24,2,6,0,5eb7747ecbde451de49ea2bb0b40c31b43aa1915d4f074ed405d0301b7d991a6
10512,106,1,1,1.3808912271980337e-05,0,2,4,1,1,24,35,24,0.0004351717429512289,8.4293779485240578e-09,1,0.0004351717429512289,1e-08,9.9999999999999995e-07,1e-08,15116289,459622037,2734209,123967066,274274167,13984959,7024625,4909689,10921916,1718437,44601183,11805758,1,1,0,1,0,297983395,1.3507024351986628e-06,5.4237977996835486e-06,2.1288531126055287e-07,8.3874858697626505e-07,1,0,1,1,24,24,0,274206367,10941645,44588490,0,0,360,99485863,0,0,360,37384877,360,13601407,360,44798279,144,25124350,1344,13986096,71311119,31746707,1,6,7,6,1,6,0,0,1,24,6,4,0,5eb7747ecbde451de49ea2bb0b40c31b43aa1915d4f074ed405d0301b7d991a6
10513,106,1,1,1.3808912271980337e-05,0,1,0,2,1,23,32,23,0.13530517627641594,1.1662752063876847e-05,1,0.13513357631356393,1e-08,0.0001,1.3513357631356394e-05,132961180,1042758419,2673976,579364793,271698009,12737210,104173807,5821896,10727756,1561989,54432658,3426075,1,1,0,1,0,345628539,0.00029959208763454513,7.8980825085259019e-05,2.3100093320880295e-07,2.9918846931946009e-07,1,0,1,1,23,23,0,271597863,11986992,42760004,0,0,345,91925259,0,0,345,38043973,345,12628599,345,46128675,138,25581077,1288,15640288,64703346,33749070,1,5,5,5,0,5,0,0,1,23,5,3,0,5eb7747ecbde451de49ea2bb0b40c31b43aa1915d4f074ed405d0301b7d991a6
10513,106,1,1,1.3808912271980337e-05,0,2,0,1,1,21,30,21,0.25973165088570466,7.8535275418345614e-06,1,0.1622955717905924,1e-08,0.0001,1.6229557179059242e-05,15177263,437943480,2754661,109261312,248819701,21483883,10193267,11973285,10585789,1520417,42937370,12312285,1,1,0,1,0,298676727,0.00036909210210423979,9.5848154674053196e-05,3.1988347734598775e-06,0.00010487301101025503,1,0,1,1,21,21,0,248758548,11938118,42927690,0,0,315,85756938,0,0,315,34729474,315,11890156,315,43026330,126,21611669,1176,12383860,60493365,31520474,1,3,3,3,0,3,0,0,1,21,3,5,0,5eb7747ecbde451de49ea2bb0b40c31b43aa1915d4f074ed405d0301b7d991a6
10513,106,1,1,1.3808912271980337e-05,0,2,1,1,1,32,47,32,0.015708181780465673,1.4592931672749069e-08,1,0.015708181780465673,1e-08,9.9999999999999995e-07,1.5708181780465672e-08,14990163,679511759,2585632,168902632,370551194,40260430,21430850,23229144,10779609,1634303,63967652,17327701,1,1,0,1,0,296442984,3.1988347734598775e-06,0.00010487301101025503,3.6386006878526999e-06,1.4935107165625729e-05,1,0,1,1,32,32,0,370460819,22158035,63942323,0,0,480,129056462,0,0,480,52930483,480,18011577,480,57589469,192,34258816,1792,18915446,90874183,40561935,1,7,7,7,0,7,0,0,1,32,7,7,0,5eb7747ecbde451de49ea2bb0b40c31b43aa1915d4f074ed405d0301b7d991a6
10513,106,1,1,1.3808912271980337e-05,0,2,2,1,1,29,41,29,0.0015793267100558143,5.6205700991124242e-09,1,0.0015793267100558143,1e-08,1.5371949811730689e-06,1e-08,14895228,556839982,2677877,149067757,337289375,12940809,12599351,5398033,10610071,1540599,57273584,14793792,1,1,1,0,0,301585065,3.6386006878526999e-06,1.4935107165625729e-05,1.164422860016166e-06,4.4515719686519653e-06,1.1716580468004785,0,1,1,29,29,0,337205871,17557093,57261165,0,0,435,124108878,0,0,435,44789332,435,16442100,435,52167960,174,30842308,1624,17006034,88507480,36779716,1,8,9,8,2,8,0,0,1,29,8,3,0,5eb7747ecbde451de49ea2bb0b40c31b43aa1915d4f074ed405d0301b7d991a6
10513,106,1,1,1.3808912271980337e-05,0,2,3,1,1,23,32,23,0.0004313909284540339,5.8680294330154487e-09,1,0.0004313909284540339,1e-08,9.9999999999999995e-07,1e-08,14865287,454552693,2649175,114222101,259696252,21546596,9535074,12495747,10534306,1584860,41333684,10886431,1,1,1,0,0,310475287,1.164422860016166e-06,4.4515719686519653e-06,1.0318594208447781e-06,4.002035686074201e-06,1.6722058420449173,0,1,1,23,23,0,259632160,10719996,41319676,0,0,345,92766703,0,0,345,35703811,345,13303723,345,41493333,138,24316097,1288,13180890,65996332,29376225,1,3,4,3,2,3,0,0,1,23,3,5,0,5eb7747ecbde451de49ea2bb0b40c31b43aa1915d4f074ed405d0301b7d991a6
10513,106,1,1,1.3808912271980337e-05,0,2,4,1,1,27,40,27,0.0003600147409611565,7.177863679547273e-09,1,0.0003600147409611565,1e-08,9.9999999999999995e-07,1e-08,15132170,539158981,2720188,143489287,308193381,17125863,24037313,5989067,10669834,1510466,51892599,15114007,1,1,1,1,0,450534987,1.0318594208447781e-06,4.002035686074201e-06,1.2893884050645009e-07,8.7079572681699414e-07,1,0,1,1,27,27,0,308106162,12411458,51882859,0,0,405,111599586,0,0,405,42143947,405,15668085,405,48936037,162,29103418,1512,15838066,78201481,34363683,1,7,7,7,1,7,0,0,1,27,7,5,0,5eb7747ecbde451de49ea2bb0b40c31b43aa1915d4f074ed405d0301b7d991a6
10514,106,1,1,1.3808912271980337e-05,0,1,0,2,1,23,34,23,0.13521788429002082,8.9082682508402013e-06,1,0.13508217470363523,1e-08,0.0001,1.3508217470363523e-05,134143509,1091643264,2491257,617935089,265679637,8456478,114249692,4550831,11091885,1606422,54239007,3313379,1,1,0,1,0,323867476,0.00029336019700185238,7.7458526192385755e-05,2.3261546195939076e-07,2.9146006101921923e-07,1,0,1,1,23,23,0,265583920,10784224,41503061,0,0,345,90824020,0,0,345,36525355,345,12768097,345,46792430,138,23552206,1288,13959484,64775880,34301126,1,6,6,6,0,6,0,0,1,23,6,4,0,5eb7747ecbde451de49ea2bb0b40c31b43aa1915d4f074ed405d0301b7d991a6
10514,106,1,1,1.3808912271980337e-05,0,2,0,1,1,19,26,19,0.25915052373056757,1.2309752785352768e-05,1,0.16198773445403919,1e-08,0.0001,1.6198773445403921e-05,15075668,375353827,2540399,92741071,221774349,18191245,5539809,9393956,10798961,1599951,34224833,8455806,1,1,0,1,0,295691983,0.00034959559633049883,9.0950663847046251e-05,3.1117393923104354e-06,9.8797725125388875e-05,1,0,1,1,19,19,0,221705178,9454284,34221743,0,0,285,76923195,0,0,285,30496436,285,10422984,285,38341085,114,19123635,1064,10901721,56257012,27496001,1,3,3,3,0,3,0,0,1,19,3,3,0,5eb7747ecbde451de49ea2bb0b40c31b43aa1915d4f074ed405d0301b7d991a6
10514,106,1,1,1.3808912271980337e-05,0,2,1,1,1,28,37,28,0.015673654840026689,1.2859547171891366e-08,1,0.015673654840026689,1e-08,9.9999999999999995e-07,1.5673654840026689e-08,14978172,696366528,2576151,135640485,324891634,95530652,13789615,65740966,10596409,1625232,52158110,14044704,1,1,0,1,0,296982408,3.1117393923104354e-06,9.8797725125388875e-05,3.5831039660656161e-06,1.570474638146382e-05,1,0,1,1,28,28,0,324800826,30221908,52142740,0,0,420,105472552,0,0,420,43136057,420,15735085,420,51213529,168,29440700,1568,15971673,71977894,36189131,1,1,1,1,0,1,0,0,1,28,1,7,0,5eb7747ecbde451de49ea2bb0b40c31b43aa1915d4f074ed405d0301b7d991a6
10514,106,1,1,1.3808912271980337e-05,0,2,2,1,1,25,35,25,0.0015749010095253177,7.7833459068752973e-09,1,0.0015749010095253177,1e-08,1.6108311300000883e-06,1e-08,16615775,534417143,2790882,126975192,282487960,41126726,14270485,23653083,11458723,1521567,46157319,14200376,1,1,1,0,0,306402776,3.5831039660656161e-06,1.570474638146382e-05,1.3651701989207244e-06,5.1067302249851384e-06,1.1946896512283984,0,1,1,25,25,0,282396155,12056492,46146574,0,0,375,101281010,0,0,375,38151342,375,14179852,375,44933897,150,26891175,1400,14662925,71711678,31794424,1,3,3,3,1,3,0,0,1,25,3,6,0,5eb7747ecbde451de49ea2bb0b40c31b43aa1915d4f074ed405d0301b7d991a6
10514,106,1,1,1.3808912271980337e-05,0,2,3,1,1,25,37,25,0.00047094128224958352,6.8427050928279081e-09,1,0.00047094128224958352,1e-08,9.9999999999999995e-07,1e-08,14979353,487157727,2558920,133315608,284126900,16029938,6810829,7321412,10614650,1662734,46088733,13184584,1,1,1,0,0,299541807,1.3651701989207244e-06,5.1067302249851384e-06,1.195025980257779e-06,4.8628374743483267e-06,1.7782275018191869,0,1,1,25,25,0,284058788,11844892,46078085,0,0,375,103478073,0,0,375,38758284,375,14194504,375,44796172,150,26495475,1400,14690183,73550923,31663944,1,6,6,6,1,6,0,0,1,25,6,5,0,5eb7747ecbde451de49ea2bb0b40c31b43aa1915d4f074ed405d0301b7d991a6
10514,106,1,1,1.3808912271980337e-05,0,2,4,1,1,32,48,32,0.00044755911442379096,9.678156063324753e-09,1,0.00044755911442379096,1e-08,9.9999999999999995e-07,1e-08,14974902,636393552,2737050,171839902,364599908,26782088,12129337,12104334,10665043,1663625,60645885,17694465,1,1,0,1,0,304638796,1.195025980257779e-06,4.8628374743483267e-06,1.6134692462741489e-07,8.3844645080540904e-07,1,0,1,1,32,32,0,364511537,15163249,60630025,0,0,480,131325730,0,0,480,51473294,480,18110455,480,57677008,192,33608147,1792,18169444,91859898,40946534,1,7,7,7,0,7,0,0,1,32,7,8,0,5eb7747ecbde451de49ea2bb0b40c31b43aa1915d4f074ed405d0301b7d991a6
10515,106,1,1,1.3808912271980337e-05,0,1,0,2,1,26,43,26,0.13560806631912725,1.070759241453339e-05,1,0.13543082390965303,1e-08,0.0001,1.3543082390965304e-05,147315068,1378206255,2561691,776356106,302355365,8440256,135438424,4034116,10528836,1510857,62812420,4303479,1,1,0,1,0,327109897,0.00031288197255208801,7.9319545081375697e-05,2.191022506169265e-07,3.0747747428658396e-07,1,0,1,1,26,26,0,302255375,12507007,46694722,0,0,390,102791591,0,0,390,41730353,390,14324205,390,53423442,156,27013618,1456,15964988,72983740,39005365,1,9,9,9,0,9,0,0,1,26,9,7,0,5eb7747ecbde451de49ea2bb0b40c31b43aa1915d4f074ed405d0301b7d991a6
10515,106,1,1,1.3808912271980337e-05,0,2,0,1,1,19,28,19,0.25981075988035474,1.4457916400225454e-05,1,0.1622828477900651,1e-08,0.0001,1.6228284779006513e-05,15048926,387228487,2735929,99557491,222647161,16346722,8003557,9396081,10921766,1620963,35331487,9664621,1,1,0,1,0,298266209,0.00039531381921979779,0.00010338584070756285,3.2810914604385392e-06,0.00011218229254117174,1,0,1,1,19,19,0,222589689,8958064,35322604,0,0,285,78730880,0,0,285,29703629,285,10760411,285,38051996,114,19123009,1064,10860083,55616930,27539052,1,3,3,3,0,3,0,0,1,19,3,5,0,5eb7747ecbde451de49ea2bb0b40c31b43aa1915d4f074ed405d0301b7d991a6
10515,106,1,1,1.3808912271980337e-05,0,2,1,1,1,39,55,39,0.015704533653162982,1.3429173308557982e-08,1,0.015704533653162982,1e-08,9.9999999999999995e-07,1.5704533653162982e-08,15161352,740408911,2648005,197181782,446015751,24927970,10813346,10673744,10842432,1600201,72994979,19363257,1,1,0,1,0,297439677,3.2810914604385392e-06,0.00011218229254117174,3.9240818317671096e-06,1.631121570050537e-05,1,0,1,1,39,39,0,445895955,18691888,72977158,0,0,585,161891726,0,0,585,61299803,585,22546673,585,70721337,234,41109529,2184,22706714,115133697,49944820,1,11,11,11,0,11,0,0,1,39,11,4,0,5eb7747ecbde451de49ea2bb0b40c31b43aa1915d4f074ed405d0301b7d991a6
10515,106,1,1,1.3808912271980337e-05,0,2,2,1,1,27,40,27,0.00158032131643755,8.8919532535552987e-09,1,0.00158032131643755,1e-08,1.6776596074615899e-06,1e-08,14659776,523130982,2663366,142277231,308639900,16651833,8232435,6874693,10443561,1646794,48733708,12807914,1,1,1,0,0,305529118,3.9240818317671096e-06,1.631121570050537e-05,1.1788121215862144e-06,4.4835589433724654e-06,1.1757564304364079,0,1,1,27,27,0,308549993,12882938,48719899,0,0,405,113023056,0,0,405,40796418,405,14963676,405,49588857,162,28551347,1512,15430119,80164971,35035096,1,5,5,5,0,5,0,0,1,27,5,7,0,5eb7747ecbde451de49ea2bb0b40c31b43aa1915d4f074ed405d0301b7d991a6
10515,106,1,1,1.3808912271980337e-05,0,2,3,1,1,25,39,25,0.0004418507202711494,7.4527539503557265e-09,1,0.0004418507202711494,1e-08,9.9999999999999995e-07,1e-08,14959502,554899718,2659215,175650088,289580625,18811849,10529898,11578539,10483713,1473725,53162212,49385674,1,1,1,0,0,298239047,1.1788121215862144e-06,4.4835589433724654e-06,8.3947043242048957e-07,3.7887485265528168e-06,1.62472138516889,0,1,1,25,25,0,289497692,11683048,53150300,0,0,375,107165964,0,0,375,39158175,375,14443349,375,45891516,150,26508010,1400,14478592,71892061,32513665,1,6,6,6,0,6,0,0,1,25,6,7,0,5eb7747ecbde451de49ea2bb0b40c31b43aa1915d4f074ed405d0301b7d991a6
10515,106,1,1,1.3808912271980337e-05,0,2,4,1,1,25,35,25,0.00034726361244898351,7.9555693742440726e-09,1,0.00034726361244898351,1e-08,9.9999999999999995e-07,1e-08,14889437,515766746,2595183,126212672,280501392,36329137,9888525,18446298,10629251,1640424,45647694,12565072,1,1,1,1,0,447819018,8.3947043242048957e-07,3.7887485265528168e-06,1.3595190655181349e-07,7.4348799017926712e-07,1,0,1,1,25,25,0,280399368,11795451,45642044,0,0,375,98597536,0,0,375,39682295,375,14317754,375,45034786,150,26380054,1400,14603993,69707049,31999757,1,3,3,3,0,3,0,0,1,25,3,6,0,5eb7747ecbde451de49ea2bb0b40c31b43aa1915d4f074ed405d0301b7d991a6
10516,106,1,1,1.3808912271980337e-05,0,1,0,2,1,24,36,24,0.13501638341829786,9.0477340455427486e-06,1,0.13488210289686603,1e-08,0.0001,1.3488210289686604e-05,145928756,1149336682,2484236,649080326,277362674,11399700,121830771,5255840,24190262,1613851,56099173,3148010,1,1,0,1,0,325840101,0.00037843475204913838,9.8485456807271754e-05,2.1849009536519245e-07,2.8003544189815932e-07,1,0,1,1,24,24,0,277265517,10780087,42746201,0,0,360,94125495,0,0,360,38628334,360,12976735,360,49928319,144,24439385,1344,14124851,67190010,36470555,1,7,7,7,0,7,0,0,1,24,7,4,0,5eb7747ecbde451de49ea2bb0b40c31b43aa1915d4f074ed405d0301b7d991a6
10516,106,1,1,1.3808912271980337e-05,0,2,0,1,1,20,30,20,0.18950811061621153,8.7448825287961983e-06,1,0.15980959830019842,1e-08,0.0001,1.5980959830019843e-05,15087638,399188241,2612033,107487809,234054819,13660733,7005409,7668942,10584789,1613872,36703333,10531733,1,1,0,1,0,299698738,0.00039299958338832842,0.00010249311871164735,3.6526909923011762e-06,0.0001170295739517365,1,0,1,1,20,20,0,233992314,9870921,36686252,0,0,300,82447650,0,0,300,31956408,300,11054167,300,39291684,120,20328718,1120,11693487,58901977,28011414,1,5,5,5,0,5,0,0,1,20,5,4,0,5eb7747ecbde451de49ea2bb0b40c31b43aa1915d4f074ed405d0301b7d991a6
10516,106,1,1,1.3808912271980337e-05,0,2,1,1,1,29,44,29,0.01548657157417906,1.4246820879508098e-08,1,0.01548657157417906,1e-08,9.9999999999999995e-07,1.5486571574179058e-08,15381432,572578263,2718748,156222677,333922420,20466198,8712557,8542746,10579649,1594922,55536769,14509941,1,1,0,1,0,302990606,3.6526909923011762e-06,0.0001170295739517365,4.1116116255908841e-06,1.8047927221928783e-05,1,0,1,1,29,29,0,333822762,14695125,55521637,0,0,435,120612684,0,0,435,44866883,435,16527593,435,53049162,174,31475067,1624,17613415,84509670,37547878,1,7,7,7,1,7,0,0,1,29,7,7,0,5eb7747ecbde451de49ea2bb0b40c31b43aa1915d4f074ed405d0301b7d991a6
10516,106,1,1,1.3808912271980337e-05,0,2,2,1,1,31,43,31,0.0015698668450859743,6.734181328678437e-09,1,0.0015698668450859743,1e-08,1.8510349190864339e-06,1e-08,15228484,607945332,2697827,154290609,351519436,30860108,10301387,14150542,10698614,1490986,57587736,15027056,1,1,1,0,0,313887400,4.1116116255908841e-06,1.8047927221928783e-05,1.3233142375798002e-06,4.9474574975141362e-06,1.1877770346302747,0,1,1,31,31,0,351425192,14580943,57574581,0,0,465,126221346,0,0,465,47791456,465,17980193,465,55834654,186,32869070,1736,18078472,88923423,39015954,1,6,7,6,1,6,0,0,1,31,6,5,0,5eb7747ecbde451de49ea2bb0b40c31b43aa1915d4f074ed405d0301b7d991a6
10516,106,1,1,1.3808912271980337e-05,0,2,3,1,1,30,43,30,0.00045369521090427267,6.5562409041293882e-09,1,0.00045369521090427267,1e-08,9.9999999999999995e-07,1e-08,15111829,606487335,2721658,156551119,357675374,21511549,15223052,10112143,10782829,1598102,69140692,17874422,1,1,1,0,0,309286104,1.3233142375798002e-06,4.9474574975141362e-06,1.0365455576618062e-06,4.2299178698298774e-06,1.6421101170513552,0,1,1,30,30,0,357578321,15471525,69131721,0,0,450,136631758,0,0,450,46733625,450,17400509,450,55517423,180,32288756,1680,17837255,87503597,38580485,1,6,6,6,0,6,0,0,1,30,6,6,0,5eb7747ecbde451de49ea2bb0b40c31b43aa1915d4f074ed405d0301b7d991a6
10516,106,1,1,1.3808912271980337e-05,0,2,4,1,1,29,42,29,0.00036512010067790956,7.9549650014444554e-09,1,0.00036512010067790956,1e-08,9.9999999999999995e-07,1e-08,17001885,557181937,2790642,149944319,334785220,15000943,10413918,5349885,11869854,1580130,52832435,14231341,1,1,1,1,0,510780614,1.0365455576618062e-06,4.2299178698298774e-06,1.4687801862595238e-07,8.2938076195130401e-07,1,0,1,1,29,29,0,334680345,14510292,52820643,0,0,435,120588412,0,0,435,46100052,435,16531792,435,51768746,174,32715244,1624,18879594,86783746,36587062,1,8,8,8,0,8,0,0,1,29,8,4,0,5eb7747ecbde451de49ea2bb0b40c31b43aa1915d4f074ed405d0301b7d991a6
10517,106,1,1,1.3808912271980337e-05,0,1,0,2,1,23,34,23,0.17872360892621983,9.4235419622475437e-06,1,0.17851060185604825,1e-08,0.0001,1.7851060185604827e-05,133524633,1087846760,2498587,617073775,268294426,11598629,102984649,6272788,11461413,2222774,54416457,2971329,1,1,0,1,0,328925073,0.00044450364122175593,0.00011606489914537029,2.3465237497467405e-07,3.5540918408410871e-07,1,0,1,1,23,23,0,268170202,10235533,43019642,0,0,345,90400985,0,0,345,37163390,345,12498367,345,47161077,138,23802100,1288,13938591,63121683,34331196,1,4,4,4,0,4,0,0,1,23,4,6,0,5eb7747ecbde451de49ea2bb0b40c31b43aa1915d4f074ed405d0301b7d991a6
10517,106,1,1,1.3808912271980337e-05,0,2,0,1,1,17,25,17,0.29445257224810706,1.4787129749705969e-05,1,0.15810574960216139,1e-08,0.0001,1.5810574960216139e-05,15330000,371710108,3077507,90289643,208641312,17183737,12207092,10974446,10848032,1613402,36824035,9439011,1,1,0,1,0,323273094,0.00039371156103569261,0.00010262406099016924,4.2437906889203369e-06,0.00011403584978501838,1,0,1,1,17,17,0,208583508,11368482,36813181,0,0,255,76620524,0,0,255,26582301,255,9285764,255,32364073,102,18950155,952,11071902,49934290,23854673,1,2,2,2,0,2,0,0,1,17,2,5,0,5eb7747ecbde451de49ea2bb0b40c31b43aa1915d4f074ed405d0301b7d991a6
10517,106,1,1,1.3808912271980337e-05,0,2,1,1,1,38,58,38,0.015322270690069079,9.0953477636961048e-09,1,0.015322270690069079,1e-08,9.9999999999999995e-07,1.532227069006908e-08,15233205,766698959,2937980,209536316,454314990,20260446,15371295,7451438,10834001,1718658,74779733,22238705,1,1,0,1,0,318140113,4.2437906889203369e-06,0.00011403584978501838,4.75797453277397e-06,1.7235547332744465e-05,1,0,1,1,38,38,0,454183117,18917438,74760842,0,0,570,158965074,0,0,570,60986212,570,22578195,570,71236244,228,51767825,2128,33904603,112313437,49333102,1,9,9,9,0,9,0,0,1,38,9,10,0,5eb7747ecbde451de49ea2bb0b40c31b43aa1915d4f074ed405d0301b7d991a6
10517,106,1,1,1.3808912271980337e-05,0,2,2,1,1,32,46,32,0.001553210498365167,8.1098566850692792e-09,1,0.001553210498365167,1e-08,1.7880224090144971e-06,1e-08,15019774,617197414,2778302,166536123,369241417,17772515,11419725,7518672,10723165,1582970,58389424,17337724,1,1,1,0,0,305538160,4.75797453277397e-06,1.7235547332744465e-05,1.4439499994671783e-06,4.7698194688301765e-06,1.1857983597584436,0,1,1,32,32,0,369126565,15568086,58375379,0,0,480,132730984,0,0,480,49765594,480,18928277,480,59297590,192,35005066,1792,19376218,96659493,41746198,1,8,9,8,1,8,0,0,1,32,8,5,0,5eb7747ecbde451de49ea2bb0b40c31b43aa1915d4f074ed405d0301b7d991a6
10517,106,1,1,1.3808912271980337e-05,0,2,3,1,1,28,39,28,0.00044555743510871443,7.6330148967577095e-09,1,0.00044555743510871443,1e-08,9.9999999999999995e-07,1e-08,15078637,566931496,2635404,140086876,316334531,34835560,10649453,19044559,10732906,1522228,51984242,13778017,1,1,1,0,0,296270028,1.4439499994671783e-06,4.7698194688301765e-06,1.3145698855258389e-06,3.6953706184310387e-06,1.6440212432862671,0,1,1,28,28,0,316247567,13288946,51973996,0,0,420,112548977,0,0,420,44057973,420,16379893,420,50512087,168,29553241,1568,16039789,78714082,35812692,1,4,4,4,0,4,0,0,1,28,4,6,0,5eb7747ecbde451de49ea2bb0b40c31b43aa1915d4f074ed405d0301b7d991a6
10517,106,1,1,1.3808912271980337e-05,0,2,4,1,1,28,41,28,0.00035913779809317465,9.8267603415241762e-09,1,0.00035913779809317465,1e-08,9.9999999999999995e-07,1e-08,17381964,534095055,2627324,146260291,319602194,15466098,7323642,5610372,10503064,1540838,50663838,14181280,1,1,1,1,0,451390949,1.3145698855258389e-06,3.6953706184310387e-06,1.416464225168988e-07,6.7962373715714711e-07,1,0,1,1,28,28,0,319495552,12645665,50650455,0,0,420,116239303,0,0,420,42949085,420,16022215,420,50745692,168,29622699,1568,16439598,83319472,35664555,1,7,8,7,1,7,0,0,1,28,7,5,0,5eb7747ecbde451de49ea2bb0b40c31b43aa1915d4f074ed405d0301b7d991a6
10518,106,1,1,1.3808912271980337e-05,0,1,0,2,1,20,27,20,0.18476482237790873,1.8250506826319004e-05,1,0.1845479303167947,1e-08,0.0001,1.8454793031679472e-05,133507040,891279239,2655656,490586521,230636412,14017542,88299152,8571207,10697694,1528768,46681270,3166932,1,1,0,1,0,323513963,0.00047168716912864846,0.00012366100306691907,2.5989932808262276e-07,3.8102961858401176e-07,1,0,1,1,20,20,0,230552674,10113963,36957693,0,0,300,78526311,0,0,300,31957314,300,11138456,300,40103338,120,20855024,1120,11724850,54641187,28955703,1,3,4,3,1,3,0,0,1,20,3,3,0,5eb7747ecbde451de49ea2bb0b40c31b43aa1915d4f074ed405d0301b7d991a6
10518,106,1,1,1.3808912271980337e-05,0,2,0,1,1,19,25,19,0.29986516779438782,9.203200750553374e-06,1,0.15822078878836532,1e-08,0.0001,1.5822078878836533e-05,14675596,391315681,2637394,88905560,219480271,27046535,9428520,15199689,10372047,1458584,34800152,9062411,1,1,0,1,0,302309855,0.00045905857169555259,0.00012134471400790385,4.8693921304579852e-06,0.00013008097889360672,1,0,1,1,19,19,0,219409080,9422946,34791820,0,0,285,75680531,0,0,285,29705725,285,10592429,285,37779143,114,19405381,1064,10860044,53832858,27051649,1,1,1,1,0,1,0,0,1,19,1,4,0,5eb7747ecbde451de49ea2bb0b40c31b43aa1915d4f074ed405d0301b7d991a6
10518,106,1,1,1.3808912271980337e-05,0,2,1,1,1,35,50,35,0.015332154886466633,1.4255131645255127e-08,1,0.015332154886466633,1e-08,9.9999999999999995e-07,1.5332154886466633e-08,15040425,667272354,2680677,178785098,403819002,19490142,10523432,7834778,10653842,1588781,64149139,17212692,1,1,0,1,0,309556073,4.8693921304579852e-06,0.00013008097889360672,5.6442815090496142e-06,1.9081351094678564e-05,1,0,1,1,35,35,0,403716637,18414214,64135146,0,0,525,146624774,0,0,525,53628149,525,19984690,525,64408039,210,37308634,1960,20128847,104612025,45255776,1,10,10,10,1,10,0,0,1,35,10,4,0,5eb7747ecbde451de49ea2bb0b40c31b43aa1915d4f074ed405d0301b7d991a6
10518,106,1,1,1.3808912271980337e-05,0,2,2,1,1,28,41,28,0.0015541020517441456,9.4567113592833419e-09,1,0.0015541020517441456,1e-08,1.9898639987491361e-06,1e-08,15211544,554197692,2677116,146186426,319393044,21651931,10988425,10073423,10656611,1512407,51979850,13876407,1,1,1,0,0,310054456,5.6442815090496142e-06,1.9081351094678564e-05,1.4435620873044239e-06,5.2864010220955153e-06,1.1804481555108421,0,1,1,28,28,0,319315446,13676623,51969178,0,0,420,114499870,0,0,420,44043599,420,15909425,420,50317565,168,29788288,1568,16158553,81785699,35702347,1,5,5,5,1,5,0,0,1,28,5,7,0,5eb7747ecbde451de49ea2bb0b40c31b43aa1915d4f074ed405d0301b7d991a6
10518,106,1,1,1.3808912271980337e-05,0,2,3,1,1,25,36,25,0.0004383729558140377,9.7832685720851411e-09,1,0.0004383729558140377,1e-08,9.9999999999999995e-07,1e-08,16537981,571671430,2728709,130313144,278283671,62594382,10864225,41772326,11694455,1575390,46022148,13953526,1,1,1,0,0,302900624,1.4435620873044239e-06,5.2864010220955153e-06,1.1465974259370832e-06,3.8764408946247107e-06,1.6290884335012903,0,1,1,25,25,0,278198196,11798434,46008728,0,0,375,97495369,0,0,375,37965955,375,14278010,375,45440746,150,26498066,1400,14500946,68043847,31938676,1,3,3,3,0,3,0,0,1,25,3,7,0,5eb7747ecbde451de49ea2bb0b40c31b43aa1915d4f074ed405d0301b7d991a6
10518,106,1,1,1.3808912271980337e-05,0,2,4,1,1,25,35,25,0.00034754956988896382,8.7970502932785756e-09,1,0.00034754956988896382,1e-08,9.9999999999999995e-07,1e-08,14750590,502661351,2766670,125864305,282376800,30340042,8530280,14354779,10466841,1575720,45958047,12644684,1,1,1,1,0,457696854,1.1465974259370832e-06,3.8764408946247107e-06,1.7653449530340213e-07,7.2911219849685463e-07,1,0,1,1,25,25,0,282275978,11315186,45945808,0,0,375,100827314,0,0,375,38985769,375,14338483,375,45597021,150,26361589,1400,14241254,71952491,32134485,1,5,6,5,2,5,0,0,1,25,5,4,0,5eb7747ecbde451de49ea2bb0b40c31b43aa1915d4f074ed405d0301b7d991a6
10519,106,1,1,1.3808912271980337e-05,0,1,0,2,1,20,31,20,0.18422872759465156,1.6001383338348113e-05,1,0.18401543180635044,1e-08,0.0001,1.8401543180635045e-05,132852975,972363552,2534539,563323053,231246096,6841967,91547299,3049586,11013120,1646154,46069432,3189073,1,1,0,1,0,327236710,0.00051357117120018575,0.00013332011222777252,2.9100315640849277e-07,4.6216720344950348e-07,1,0,1,1,20,20,0,231178454,10314909,34303996,0,0,300,79886969,0,0,300,30851438,300,10536377,300,40589373,120,20817298,1120,11644607,56446709,29551931,1,6,7,6,2,6,0,0,1,20,6,4,0,5eb7747ecbde451de49ea2bb0b40c31b43aa1915d4f074ed405d0301b7d991a6
10519,106,1,1,1.3808912271980337e-05,0,2,0,1,1,21,31,21,0.21944255911421048,1.1304287489189354e-05,1,0.15618501205980292,1e-08,0.0001,1.5618501205980292e-05,15038234,407993434,2637704,109389295,246594162,11033627,6476331,4392365,10876193,1737108,38534054,10590010,1,1,0,1,0,296266563,0.00037935549429236447,9.7818597554695901e-05,3.0162333192714621e-06,0.00010499457897462957,1,0,1,1,21,21,0,246519840,10184500,38522964,0,0,315,88716752,0,0,315,33082095,315,11658452,315,40987856,126,21499139,1176,11955141,63316120,29349079,1,6,7,6,1,6,0,0,1,21,6,3,0,5eb7747ecbde451de49ea2bb0b40c31b43aa1915d4f074ed405d0301b7d991a6
10519,106,1,1,1.3808912271980337e-05,0,2,1,1,1,32,44,32,0.015113289318064235,1.3809723729496179e-08,1,0.015113289318064235,1e-08,9.9999999999999995e-07,1.5113289318064234e-08,14825364,637856981,2737779,158107413,370804954,28671277,17387214,15364542,10510103,1618723,60856945,15663814,1,1,0,1,0,342545986,3.0162333192714621e-06,0.00010499457897462957,3.7432441201294114e-06,1.7945645212092062e-05,1,0,1,1,32,32,0,370703947,18261556,60842954,0,0,480,129129365,0,0,480,53274952,480,18516138,480,59309745,192,34268124,1792,19001312,92512625,42265939,1,5,6,5,3,5,0,0,1,32,5,6,0,5eb7747ecbde451de49ea2bb0b40c31b43aa1915d4f074ed405d0301b7d991a6
10519,106,1,1,1.3808912271980337e-05,0,2,2,1,1,27,43,27,0.0015189835840282585,9.1145627800868432e-09,1,0.0015189835840282585,1e-08,1.8331886390144526e-06,1e-08,16124660,535954798,2659196,153026939,311929477,12551607,11178333,4311036,11689955,1648884,49945471,14373644,1,1,1,0,0,301270227,3.7432441201294114e-06,1.7945645212092062e-05,1.6390971844783223e-06,6.1240402634574132e-06,1.2114257915142148,0,1,1,27,27,0,311851816,13576128,49935203,0,0,405,112091444,0,0,405,42220278,405,15915840,405,49337150,162,29650279,1512,16589630,80130975,35038467,1,8,9,8,1,8,0,0,1,27,8,7,0,5eb7747ecbde451de49ea2bb0b40c31b43aa1915d4f074ed405d0301b7d991a6
10519,106,1,1,1.3808912271980337e-05,0,2,3,1,1,22,31,22,0.0004813199502655291,8.5262418156345481e-09,1,0.0004813199502655291,1e-08,9.9999999999999995e-07,1e-08,15152691,473018208,2697567,114133159,252005942,30110198,16485099,20239297,10824711,1572851,44784446,13855020,1,1,1,1,0,453824662,1.6390971844783223e-06,6.1240402634574132e-06,2.0569902797962962e-07,9.2968903692969035e-07,1,0,1,1,22,22,0,251935547,11399590,44779077,0,0,330,90241617,0,0,330,34965552,330,12618059,330,39837869,132,23089517,1232,12546678,61722249,28385730,1,2,2,2,0,2,0,0,1,22,2,6,0,5eb7747ecbde451de49ea2bb0b40c31b43aa1915d4f074ed405d0301b7d991a6
10520,106,1,1,1.3808912271980337e-05,0,1,0,2,1,22,30,22,0.13400625222278098,1.1393384746438289e-05,1,0.13419856178509104,1e-08,0.0001,1.3419856178509105e-05,132984400,986331702,2474006,544587035,255756165,17640899,92505658,9044029,10939076,1526977,52045360,3202142,1,1,0,1,0,324680765,0.00030725522487334806,8.0849061635036713e-05,1.907648198795393e-07,3.739181927910832e-07,1,0,1,1,22,22,0,255665248,10494382,39403024,0,0,330,86842217,0,0,330,35062693,330,13337095,330,45244220,132,22260130,1232,12616907,61913016,32383378,1,3,3,3,0,3,0,0,1,22,3,4,0,5eb7747ecbde451de49ea2bb0b40c31b43aa1915d4f074ed405d0301b7d991a6
10520,106,1,1,1.3808912271980337e-05,0,2,0,1,1,21,32,21,0.25762090631220741,1.1602280479537799e-05,1,0.1617675477135552,1e-08,0.0001,1.6176754771355522e-05,15159940,413695851,2632343,113231342,246352622,10969179,6281167,5340251,10341475,1583280,37698335,10324210,1,1,0,1,0,299223610,0.00042857644257447149,0.00011179327718498799,3.9153681046025396e-06,0.0001290869863740432,1,0,1,1,21,21,0,246272249,10313784,37688144,0,0,315,87389438,0,0,315,33944505,315,11435466,315,41395793,126,21642941,1176,12061542,63427884,29725920,1,6,6,6,0,6,0,0,1,21,6,4,0,5eb7747ecbde451de49ea2bb0b40c31b43aa1915d4f074ed405d0301b7d991a6
10520,106,1,1,1.3808912271980337e-05,0,2,1,1,1,35,49,35,0.015654425888040027,1.0944545655526446e-08,1,0.015654425888040027,1e-08,9.9999999999999995e-07,1.5654425888040025e-08,15061416,705975657,2694487,179542694,405303025,32231589,15366131,16877196,10796509,1558359,68874853,20783685,1,1,0,1,0,301209022,3.9153681046025396e-06,0.0001290869863740432,4.2623457169118327e-06,1.8447964790091041e-05,1,0,1,1,35,35,0,405176501,18658144,68861393,0,0,525,144042506,0,0,525,57237212,525,20447483,525,65861414,210,36797242,1960,19954675,102729752,46980576,1,7,10,7,3,7,0,0,1,35,7,6,0,5eb7747ecbde451de49ea2bb0b40c31b43aa1915d4f074ed405d0301b7d991a6
10520,106,1,1,1.3808912271980337e-05,0,2,2,1,1,24,34,24,0.0015718653543916124,9.9184683994164657e-09,1,0.0015718653543916124,1e-08,1.893396408327943e-06,1e-08,14969951,534280758,2870376,123948283,273163054,36207285,31576959,25569437,10686573,1563609,47072069,13547967,1,1,1,0,0,367505711,4.2623457169118327e-06,1.8447964790091041e-05,1.4912607616427954e-06,4.8065428346693007e-06,1.1717952445453665,0,1,1,24,24,0,273077014,12809610,47061939,0,0,360,94874620,0,0,360,38324017,360,14482220,360,43926177,144,25807942,1344,14482242,66639497,30154834,1,3,3,3,0,3,0,0,1,24,3,6,0,5eb7747ecbde451de49ea2bb0b40c31b43aa1915d4f074ed405d0301b7d991a6
10520,106,1,1,1.3808912271980337e-05,0,2,3,1,1,25,38,25,0.00042929146759416325,5.9614477523373494e-09,1,0.00042929146759416325,1e-08,9.9999999999999995e-07,1e-08,14975092,486554361,2707288,135143158,284880742,13717599,7708670,5146844,10796389,1638903,44894517,12354121,1,1,1,0,0,297420808,1.4912607616427954e-06,4.8065428346693007e-06,1.1568873209481361e-06,3.6088130697700799e-06,1.5960069406937081,0,1,1,25,25,0,284811708,11400071,44875085,0,0,375,102183663,0,0,375,39296691,375,14485213,375,45449548,150,26494025,1400,14690721,72811120,32253879,1,6,6,6,1,6,0,0,1,25,6,6,0,5eb7747ecbde451de49ea2bb0b40c31b43aa1915d4f074ed405d0301b7d991a6
10520,106,1,1,1.3808912271980337e-05,0,2,4,1,1,29,42,29,0.00032396395211196791,8.3791707566652567e-09,1,0.00032396395211196791,1e-08,9.9999999999999995e-07,1e-08,15124959,553579768,2594181,149964900,334377252,14356878,10286814,5364765,10752936,1552438,53642953,13868309,1,1,1,1,0,453056658,1.1568873209481361e-06,3.6088130697700799e-06,1.3468522612369504e-07,5.2387970576571825e-07,1,0,1,1,29,29,0,334288521,13611269,53626995,0,0,435,120668736,0,0,435,45849069,435,16668834,435,52411529,174,33077380,1624,19115911,86067473,36826633,1,8,8,8,0,8,0,0,1,29,8,4,0,5eb7747ecbde451de49ea2bb0b40c31b43aa1915d4f074ed405d0301b7d991a6
10521,106,1,1,1.3808912271980337e-05,0,1,0,2,1,26,39,26,0.13726178773070033,8.4905400767091948e-06,1,0.13714100980420774,1e-08,0.0001,1.3714100980420775e-05,133074514,1241449707,2635804,710471702,300169798,13434235,115110031,6104258,10921175,1584340,63499622,3304718,1,1,0,1,0,333186293,0.00029336187925860772,7.7930827893478918e-05,2.3172918393509311e-07,2.4730548477991976e-07,1,0,1,1,26,26,0,300055160,12377340,48983002,0,0,390,103549529,0,0,390,40728448,390,14578463,390,51979608,156,26352034,1456,14964612,71863446,37585297,1,6,6,6,0,6,0,0,1,26,6,6,0,5eb7747ecbde451de49ea2bb0b40c31b43aa1915d4f074ed405d0301b7d991a6
10521,106,1,1,1.3808912271980337e-05,0,2,0,1,1,21,30,21,0.26174186969914881,6.483542945372028e-06,1,0.16279224317674532,1e-08,0.0001,1.6279224317674534e-05,16134620,440047785,2637263,106677149,263777144,18199345,8924914,9026799,10793349,1468495,38920456,10456603,1,1,0,1,0,297254217,0.00042914368742182226,0.00011367172536759081,3.8698476727023732e-06,0.00012133390326664486,1,0,1,1,21,21,0,263706971,30697269,38913527,0,0,315,86026847,0,0,315,33327968,315,11785410,315,40483019,126,22083619,1176,12536010,60969179,29111790,1,4,4,4,0,4,0,0,1,21,4,4,0,5eb7747ecbde451de49ea2bb0b40c31b43aa1915d4f074ed405d0301b7d991a6
10521,106,1,1,1.3808912271980337e-05,0,2,1,1,1,31,43,31,0.015754526055924888,9.7077664049665826e-09,1,0.015754526055924888,1e-08,9.9999999999999995e-07,1.5754526055924886e-08,14791191,594343496,2576441,154144472,354127821,20169114,12380912,10389399,10499684,1568060,56023961,14646963,1,1,0,1,0,297671958,3.8698476727023732e-06,0.00012133390326664486,4.5262587853758769e-06,1.7809783281465139e-05,1,0,1,1,31,31,0,354025291,15812758,55924896,0,0,465,126262883,0,0,465,48697836,465,17550590,465,56047831,186,32778794,1736,18132902,90617916,39704200,1,6,7,6,1,6,0,0,1,31,6,5,0,5eb7747ecbde451de49ea2bb0b40c31b43aa1915d4f074ed405d0301b7d991a6
10521,106,1,1,1.3808912271980337e-05,0,2,2,1,1,29,42,29,0.0015860265303555172,8.9643376566772626e-09,1,0.0015860265303555172,1e-08,1.8375946210330164e-06,1e-08,14900447,613624895,2858305,151422458,328702405,41897367,15369301,25583420,10677133,1646064,54352103,15515513,1,1,1,0,0,311478489,4.5262587853758769e-06,1.7809783281465139e-05,1.3330733020108993e-06,5.1589160594397073e-06,1.1783732080070595,0,1,1,29,29,0,328603460,14487297,54336262,0,0,435,116596190,0,0,435,45435323,435,16397364,435,52248368,174,30772986,1624,16960695,81709344,36734450,1,5,5,5,0,5,0,0,1,29,5,7,0,5eb7747ecbde451de49ea2bb0b40c31b43aa1915d4f074ed405d0301b7d991a6
10521,106,1,1,1.3808912271980337e-05,0,2,3,1,1,25,34,25,0.00044651712101366378,5.9391222603809781e-09,1,0.00044651712101366378,1e-08,9.9999999999999995e-07,1e-08,15069786,496603886,2795413,122868962,282918694,29155724,9219486,14751470,10698993,1600131,46232728,12707959,1,1,1,0,0,305564179,1.3330733020108993e-06,5.1589160594397073e-06,1.1599015043259316e-06,4.0213059130696351e-06,1.6595970049314626,0,1,1,25,25,0,282827182,11977147,46225407,0,0,375,102054628,0,0,375,37854043,375,14330377,375,45622447,150,26376474,1400,14377823,72601897,32070678,1,4,4,4,0,4,0,0,1,25,4,4,0,5eb7747ecbde451de49ea2bb0b40c31b43aa1915d4f074ed405d0301b7d991a6
10521,106,1,1,1.3808912271980337e-05,0,2,4,1,1,27,37,27,0.00036705271852534625,6.4566342597345373e-09,1,0.00036705271852534625,1e-08,9.9999999999999995e-07,1e-08,15170891,554034935,2690717,134055648,306528146,35696105,14249309,17970113,10671932,1574250,50445459,13786225,1,1,1,1,0,464957358,1.1599015043259316e-06,4.0213059130696351e-06,1.4569666315719037e-07,7.6636146705377554e-07,1,0,1,1,27,27,0,306431944,12319680,50437597,0,0,405,107643593,0,0,405,42560762,405,15382272,405,49747699,162,30092576,1512,16991311,75903619,35310711,1,4,4,4,0,4,0,0,1,27,4,5,0,5eb7747ecbde451de49ea2bb0b40c31b43aa1915d4f074ed405d0301b7d991a6
10522,106,1,1,1.3808912271980337e-05,0,1,0,2,1,23,31,23,0.13571034849297131,1.0192416486657186e-05,1,0.13557724840112961,1e-08,0.0001,1.3557724840112962e-05,132883103,1016177366,2605082,564782163,265545453,14725317,101457075,6528292,10580808,1547108,54440933,3362719,1,1,0,1,0,326899631,0.00031880686737300196,8.4370420354017728e-05,2.3081110682048794e-07,2.8841304603331535e-07,1,0,1,1,23,23,0,265450620,10716726,42470676,0,0,345,92035281,0,0,345,36200155,345,12749073,345,45741240,138,23184687,1288,13024315,63741169,33037900,1,4,4,4,0,4,0,0,1,23,4,3,0,5eb7747ecbde451de49ea2bb0b40c31b43aa1915d4f074ed405d0301b7d991a6
10522,106,1,1,1.3808912271980337e-05,0,2,0,1,1,23,35,23,0.26119701561808911,7.6227519581630467e-06,1,0.16371083225139677,1e-08,0.0001,1.6371083225139677e-05,14756909,447118379,2679157,124863158,270054355,9823248,5764585,4001724,10529745,1562600,44965630,11890242,1,1,0,1,0,300634386,0.00043407743689312069,0.00011306498667253758,3.7567563446148623e-06,0.00012372256140197061,1,0,1,1,23,23,0,269986890,11737070,44954279,0,0,345,95717469,0,0,345,37608286,345,12715928,345,44065203,138,24298414,1288,13589677,67785163,31455382,1,7,7,7,0,7,0,0,1,23,7,4,0,5eb7747ecbde451de49ea2bb0b40c31b43aa1915d4f074ed405d0301b7d991a6
10522,106,1,1,1.3808912271980337e-05,0,2,1,1,1,31,44,31,0.01584507659926564,1.1499984279702719e-08,1,0.01584507659926564,1e-08,9.9999999999999995e-07,1.5845076599265641e-08,14664065,630297354,2733669,157980239,352626068,29048035,27985863,15372580,10477172,1605671,56940709,15687645,1,1,0,1,0,299425994,3.7567563446148623e-06,0.00012372256140197061,4.4953484604546271e-06,2.1708607603276059e-05,1,0,1,1,31,31,0,352519260,14489454,56920971,0,0,465,125632775,0,0,465,48811734,465,17204474,465,57085532,186,32472623,1736,17602465,89643663,40874443,1,5,5,5,0,5,0,0,1,31,5,7,0,5eb7747ecbde451de49ea2bb0b40c31b43aa1915d4f074ed405d0301b7d991a6
10522,106,1,1,1.3808912271980337e-05,0,2,2,1,1,27,37,27,0.0015978739413318472,6.735991964059362e-09,1,0.0015978739413318472,1e-08,2.2169163309740109e-06,1e-08,14877556,526293841,2819133,133303909,310108670,21216026,13152088,10499841,10710105,1646834,49924425,13196141,1,1,1,0,0,300838684,4.4953484604546271e-06,2.1708607603276059e-05,1.5995281704113741e-06,6.906928374061817e-06,1.2181780486351568,0,1,1,27,27,0,310034180,12650632,49908714,0,0,405,112423862,0,0,405,41891115,405,15203668,405,49553307,162,29378620,1512,16266057,78859726,35351676,1,4,4,4,0,4,0,0,1,27,4,5,0,5eb7747ecbde451de49ea2bb0b40c31b43aa1915d4f074ed405d0301b7d991a6
10522,106,1,1,1.3808912271980337e-05,0,2,3,1,1,25,39,25,0.00051658499104232107,8.7195219187458825e-09,1,0.00051658499104232107,1e-08,9.9999999999999995e-07,1e-08,14977631,500080278,2731139,139420567,302363059,9718563,6290558,3072557,10647621,1602781,61210561,14284197,1,1,1,0,0,368127764,1.5995281704113741e-06,6.906928374061817e-06,1.551763599269523e-06,6.3879894234068866e-06,1.7909142999488166,0,1,1,25,25,0,302284638,11511138,61197429,0,0,375,104055422,0,0,375,54767617,375,14549069,375,45611794,150,26305749,1400,14447052,75362811,32531010,1,8,10,8,2,8,0,0,1,25,8,5,0,5eb7747ecbde451de49ea2bb0b40c31b43aa1915d4f074ed405d0301b7d991a6
10522,106,1,1,1.3808912271980337e-05,0,2,4,1,1,24,32,24,0.00049524809357957519,6.6137825758989405e-09,1,0.00049524809357957519,1e-08,9.9999999999999995e-07,1e-08,14813052,558411581,2688417,116403112,266267879,67102636,13308005,45705052,10487712,1664954,46984158,13098201,1,1,0,1,0,297591689,1.551763599269523e-06,6.3879894234068866e-06,2.8302423439211935e-07,8.5247584838868801e-07,1,0,1,1,24,24,0,266185556,10462222,46974998,0,0,360,92505134,0,0,360,37589534,360,13673271,360,44725605,144,25357842,1344,13856635,63808623,31781725,1,1,1,1,0,1,0,0,1,24,1,6,0,5eb7747ecbde451de49ea2bb0b40c31b43aa1915d4f074ed405d0301b7d991a6
10523,106,1,1,1.3808912271980337e-05,0,1,0,2,1,26,39,26,0.13519355833400917,7.6500717441567492e-06,1,0.13499235283680466,1e-08,0.0001,1.3499235283680467e-05,132368985,1248981522,2554560,709431862,299247032,12265692,121025012,6579556,10589088,1497926,62382544,3274026,1,1,0,1,0,337217001,0.00030770454182392818,8.0964577234551247e-05,2.4136475144250702e-07,2.956051190055331e-07,1,0,1,1,26,26,0,299165084,12160691,46770435,0,0,390,101899598,0,0,390,41039829,390,14320292,390,51643141,156,27115890,1456,15275355,71385846,37500126,1,5,5,5,0,5,0,0,1,26,5,7,0,5eb7747ecbde451de49ea2bb0b40c31b43aa1915d4f074ed405d0301b7d991a6
10523,106,1,1,1.3808912271980337e-05,0,2,0,1,1,19,27,19,0.26079734877916683,1.1306438994195567e-05,1,0.16360800225178174,1e-08,0.0001,1.6360800225178174e-05,15209942,397295913,2587352,97414862,219452137,24596273,8374153,15002881,10621379,1510406,35156000,10036925,1,1,0,1,0,301697826,0.00041770466290464136,0.00010774119276571154,3.4245253200686147e-06,0.00011414959148003693,1,0,1,1,19,19,0,219376984,9517063,35150509,0,0,285,75884202,0,0,285,30349846,285,10662455,285,36975111,114,19652404,1064,10935512,54405243,26556420,1,2,2,2,0,2,0,0,1,19,2,5,0,5eb7747ecbde451de49ea2bb0b40c31b43aa1915d4f074ed405d0301b7d991a6
10523,106,1,1,1.3808912271980337e-05,0,2,1,1,1,29,41,29,0.015829072379029203,1.1267125577557881e-08,1,0.015829072379029203,1e-08,9.9999999999999995e-07,1.5829072379029204e-08,14722358,611819350,2673916,148244414,328154880,46723233,9704097,27650895,10443881,1556690,54740382,14637485,1,1,0,1,0,358552024,3.4245253200686147e-06,0.00011414959148003693,4.0502151721313081e-06,1.6047146912717242e-05,1,0,1,1,29,29,0,328060870,13866004,54730211,0,0,435,114779695,0,0,435,45272737,435,16984006,435,53254432,174,30366898,1624,16355031,80920483,37830481,1,3,3,3,0,3,0,0,1,29,3,8,0,5eb7747ecbde451de49ea2bb0b40c31b43aa1915d4f074ed405d0301b7d991a6
10523,106,1,1,1.3808912271980337e-05,0,2,2,1,1,27,39,27,0.0015918079129328571,6.9088016508588894e-09,1,0.0015918079129328571,1e-08,1.6550382683759708e-06,1e-08,15286627,539926778,2700267,139743560,308638698,25429368,9176477,13778889,10880073,1546269,51121857,13411022,1,1,1,0,0,312813570,4.0502151721313081e-06,1.6047146912717242e-05,1.5554355497433589e-06,6.2217102304671608e-06,1.1694857840030204,0,1,1,27,27,0,308541381,12703667,51106607,0,0,405,109235478,0,0,405,41802963,405,16383882,405,48871892,162,29138606,1512,16088212,79841173,34502433,1,4,4,4,0,4,0,0,1,27,4,7,0,5eb7747ecbde451de49ea2bb0b40c31b43aa1915d4f074ed405d0301b7d991a6
10523,106,1,1,1.3808912271980337e-05,0,2,3,1,1,28,41,28,0.00043414640987910234,6.5815057184912456e-09,1,0.00043414640987910234,1e-08,9.9999999999999995e-07,1e-08,15180261,576867303,2769341,147259010,319860534,24619030,26444253,13233429,10725935,1511207,52175543,14428992,1,1,1,1,0,456292948,1.5554355497433589e-06,6.2217102304671608e-06,2.1756035007810459e-07,1.005076744299642e-06,1,0,1,1,28,28,0,319768624,12752410,52166583,0,0,420,114913166,0,0,420,43608756,420,16258569,420,51482807,168,29569290,1568,15949850,81746602,36261623,1,5,5,5,0,5,0,0,1,28,5,7,0,5eb7747ecbde451de49ea2bb0b40c31b43aa1915d4f074ed405d0301b7d991a6
10523,106,1,1,1.3808912271980337e-05,0,2,4,1,1,18,24,18,5.5180068354872466e-05,8.2077958466684871e-09,1,5.5180068354872466e-05,1e-08,9.9999999999999995e-07,1e-08,14805432,393588263,2650274,86932106,214147368,31769543,8398037,21264011,10575117,1671874,44198347,9192495,1,1,1,0,0,296418847,2.1756035007810459e-07,1.005076744299642e-06,6.2664963577941708e-08,3.8168000812759968e-07,1.1909720409709221,0,1,1,18,18,0,214093044,8166573,44189166,0,0,270,82122028,0,0,270,27906757,270,10830762,270,33458713,108,18710048,1008,10353960,50106976,23966465,1,1,1,1,0,1,0,0,1,18,1,4,0,5eb7747ecbde451de49ea2bb0b40c31b43aa1915d4f074ed405d0301b7d991a6
