applications/hundun/case_config_broadcast.cpp	src/app_case_config_broadcast.cpp
applications/hundun/case_config_broadcast.hpp	src/app_case_config_broadcast_detail.hpp
applications/hundun/cli_options.cpp	src/app_cli_options.cpp
applications/hundun/cli_options.hpp	src/app_cli_options_detail.hpp
applications/hundun/detail/case_config_broadcast_test.hpp	tests/support/app_case_config_broadcast_test.hpp
applications/hundun/detail/dispatch_order.hpp	src/app_dispatch_order_detail.hpp
applications/hundun/main.cpp	src/app_main.cpp
applications/hundun/resolved_case_v3_broadcast.cpp	src/app_resolved_case_v3_broadcast.cpp
applications/hundun/resolved_case_v3_broadcast.hpp	src/app_resolved_case_v3_broadcast_detail.hpp
applications/hundun/stage1_driver.cpp	src/app_passive_scalar_driver.cpp
applications/hundun/stage1_driver.hpp	src/app_passive_scalar_driver_detail.hpp
applications/hundun/stage2_driver.cpp	src/app_flow_driver.cpp
applications/hundun/stage2_driver.hpp	src/app_flow_driver_detail.hpp
applications/hundun/stage2_performance_build.hpp.in	src/app_performance_build.hpp.in
applications/hundun/stage2_performance_crc64.hpp	src/app_performance_crc64_detail.hpp
applications/hundun/stage2_performance_diagnostic.hpp	src/app_performance_diagnostic_detail.hpp
applications/hundun/stage2_performance_fingerprint.hpp	src/app_performance_fingerprint_detail.hpp
applications/hundun/stage2_performance_source_metadata.cmake	cmake/HundunPerformanceSourceMetadata.cmake
applications/hundun/stage2_performance_timing.hpp	src/app_performance_timing_detail.hpp
boundary/include/hundun/boundary/basic_boundary.hpp	include/hundun/bc_basic_boundary.hpp
boundary/src/basic_boundary.cpp	src/bc_basic_boundary.cpp
boundary/src/basic_boundary_test_seam.hpp	tests/support/bc_basic_boundary_test_seam.hpp
config/include/hundun/config/case_config.hpp	include/hundun/cfg_case_config.hpp
config/include/hundun/config/case_config_loader.hpp	include/hundun/cfg_case_config_loader.hpp
config/include/hundun/config/resolved_case.hpp	include/hundun/cfg_resolved_case.hpp
config/include/hundun/config/resolved_case_loader.hpp	include/hundun/cfg_resolved_case_loader.hpp
config/include/hundun/config/resolved_case_v3.hpp	include/hundun/cfg_resolved_case_v3.hpp
config/include/hundun/config/resolved_case_v3_loader.hpp	include/hundun/cfg_resolved_case_v3_loader.hpp
config/src/case_config_loader.cpp	src/cfg_case_config_loader.cpp
config/src/case_config_loader_detail.hpp	src/cfg_case_config_loader_detail.hpp
config/src/resolved_case_loader.cpp	src/cfg_resolved_case_loader.cpp
config/src/resolved_case_v3_loader.cpp	src/cfg_resolved_case_v3_loader.cpp
config/src/resolved_case_v3_loader_detail.hpp	src/cfg_resolved_case_v3_loader_detail.hpp
diagnostics/include/hundun/diagnostics/checkpoint_v2_diagnostics.hpp	include/hundun/diag_checkpoint_v2.hpp
diagnostics/include/hundun/diagnostics/diagnostic_session.hpp	include/hundun/diag_session.hpp
diagnostics/include/hundun/diagnostics/ideal_gas_closure_diagnostics.hpp	include/hundun/diag_ideal_gas_closure.hpp
diagnostics/include/hundun/diagnostics/material_density_piso_diagnostics.hpp	include/hundun/diag_material_density_piso.hpp
diagnostics/include/hundun/diagnostics/material_density_transport_diagnostics.hpp	include/hundun/diag_material_density_transport.hpp
diagnostics/include/hundun/diagnostics/mesh_diagnostic_v2.hpp	include/hundun/diag_mesh_v2.hpp
diagnostics/include/hundun/diagnostics/performance_artifact.hpp	include/hundun/diag_performance_artifact.hpp
diagnostics/include/hundun/diagnostics/performance_correctness.hpp	include/hundun/diag_performance_correctness.hpp
diagnostics/include/hundun/diagnostics/stage2_module_diagnostics.hpp	include/hundun/diag_module.hpp
diagnostics/include/hundun/diagnostics/structured_diagnostics.hpp	include/hundun/diag_structured.hpp
diagnostics/include/hundun/diagnostics/time_control_diagnostics.hpp	include/hundun/diag_time_control.hpp
diagnostics/src/checkpoint_v2_diagnostics.cpp	src/diag_checkpoint_v2.cpp
diagnostics/src/checkpoint_v2_diagnostics_test_access.hpp	tests/support/diag_checkpoint_v2_test_access.hpp
diagnostics/src/diagnostic_session.cpp	src/diag_session.cpp
diagnostics/src/ideal_gas_closure_diagnostics.cpp	src/diag_ideal_gas_closure.cpp
diagnostics/src/ideal_gas_closure_diagnostics_test_access.hpp	tests/support/diag_ideal_gas_closure_test_access.hpp
diagnostics/src/material_density_piso_diagnostics.cpp	src/diag_material_density_piso.cpp
diagnostics/src/material_density_piso_diagnostics_test_access.hpp	tests/support/diag_material_density_piso_test_access.hpp
diagnostics/src/material_density_transport_diagnostics.cpp	src/diag_material_density_transport.cpp
diagnostics/src/material_density_transport_diagnostics_test_access.hpp	tests/support/diag_material_density_transport_test_access.hpp
diagnostics/src/mesh_diagnostic_v2.cpp	src/diag_mesh_v2.cpp
diagnostics/src/performance_artifact.cpp	src/diag_performance_artifact.cpp
diagnostics/src/performance_correctness.cpp	src/diag_performance_correctness.cpp
diagnostics/src/stage2_module_diagnostics.cpp	src/diag_module.cpp
diagnostics/src/structured_diagnostics.cpp	src/diag_structured.cpp
diagnostics/src/structured_diagnostics_test_access.hpp	tests/support/diag_structured_test_access.hpp
diagnostics/src/time_control_diagnostics.cpp	src/diag_time_control.cpp
diagnostics/src/time_control_diagnostics_test_access.hpp	tests/support/diag_time_control_test_access.hpp
execution/include/hundun/execution/execution.hpp	include/hundun/exec_execution.hpp
execution/src/execution.cpp	src/exec_execution.cpp
execution/src/execution_test_access.hpp	tests/support/exec_execution_test_access.hpp
finite_volume/include/hundun/finite_volume/cell_centered_fvm.hpp	include/hundun/fvm_cell_centered.hpp
finite_volume/include/hundun/finite_volume/immersed_operator.hpp	include/hundun/fvm_immersed_operator.hpp
finite_volume/include/hundun/finite_volume/immersed_reconstruction.hpp	include/hundun/fvm_immersed_reconstruction.hpp
finite_volume/include/hundun/finite_volume/matrix_free_poisson.hpp	include/hundun/fvm_matrix_free_poisson.hpp
finite_volume/include/hundun/finite_volume/poisson_boundary_adapter.hpp	include/hundun/fvm_poisson_boundary_adapter.hpp
finite_volume/src/cell_centered_fvm.cpp	src/fvm_cell_centered.cpp
finite_volume/src/cell_centered_fvm_test_seam.hpp	tests/support/fvm_cell_centered_test_seam.hpp
finite_volume/src/immersed_boundary_authority_detail.hpp	src/fvm_immersed_boundary_authority_detail.hpp
finite_volume/src/immersed_operator.cpp	src/fvm_immersed_operator.cpp
finite_volume/src/immersed_operator_test_access.hpp	tests/support/fvm_immersed_operator_test_access.hpp
finite_volume/src/immersed_reconstruction.cpp	src/fvm_immersed_reconstruction.cpp
finite_volume/src/immersed_reconstruction_test_access.hpp	tests/support/fvm_immersed_reconstruction_test_access.hpp
finite_volume/src/matrix_free_poisson.cpp	src/fvm_matrix_free_poisson.cpp
finite_volume/src/matrix_free_poisson_detail.hpp	src/fvm_matrix_free_poisson_detail.hpp
finite_volume/src/poisson_boundary_adapter.cpp	src/fvm_poisson_boundary_adapter.cpp
flow/include/hundun/flow/adaptive_time_control.hpp	include/hundun/flow_adaptive_time_control.hpp
flow/include/hundun/flow/checkpoint_v2.hpp	include/hundun/flow_checkpoint_v2.hpp
flow/include/hundun/flow/constant_density_piso.hpp	include/hundun/flow_constant_density_piso.hpp
flow/include/hundun/flow/flow_state.hpp	include/hundun/flow_state.hpp
flow/include/hundun/flow/ideal_gas_closure.hpp	include/hundun/flow_ideal_gas_closure.hpp
flow/include/hundun/flow/ideal_gas_piso.hpp	include/hundun/flow_ideal_gas_piso.hpp
flow/include/hundun/flow/material_density_piso.hpp	include/hundun/flow_material_density_piso.hpp
flow/include/hundun/flow/material_density_transport.hpp	include/hundun/flow_material_density_transport.hpp
flow/include/hundun/flow/momentum_predictor.hpp	include/hundun/flow_momentum_predictor.hpp
flow/include/hundun/flow/stage3_flow.hpp	include/hundun/flow_immersed.hpp
flow/src/adaptive_time_control.cpp	src/flow_adaptive_time_control.cpp
flow/src/adaptive_time_control_detail.hpp	src/flow_adaptive_time_control_detail.hpp
flow/src/adaptive_time_control_test_access.hpp	tests/support/flow_adaptive_time_control_test_access.hpp
flow/src/checkpoint_v2.cpp	src/flow_checkpoint_v2.cpp
flow/src/checkpoint_v2_detail.hpp	src/flow_checkpoint_v2_detail.hpp
flow/src/checkpoint_v2_test_access.hpp	tests/support/flow_checkpoint_v2_test_access.hpp
flow/src/constant_density_piso.cpp	src/flow_constant_density_piso.cpp
flow/src/constant_density_piso_test_access.hpp	tests/support/flow_constant_density_piso_test_access.hpp
flow/src/density_closure_detail.hpp	src/flow_density_closure_detail.hpp
flow/src/fixed_step_flow_detail.hpp	src/flow_fixed_step_detail.hpp
flow/src/flow_state.cpp	src/flow_state.cpp
flow/src/ideal_gas_closure.cpp	src/flow_ideal_gas_closure.cpp
flow/src/ideal_gas_closure_test_access.hpp	tests/support/flow_ideal_gas_closure_test_access.hpp
flow/src/ideal_gas_piso.cpp	src/flow_ideal_gas_piso.cpp
flow/src/material_density_piso.cpp	src/flow_material_density_piso.cpp
flow/src/material_density_piso_test_access.hpp	tests/support/flow_material_density_piso_test_access.hpp
flow/src/material_density_transport.cpp	src/flow_material_density_transport.cpp
flow/src/material_density_transport_test_access.hpp	tests/support/flow_material_density_transport_test_access.hpp
flow/src/momentum_predictor.cpp	src/flow_momentum_predictor.cpp
flow/src/momentum_predictor_test_access.hpp	tests/support/flow_momentum_predictor_test_access.hpp
flow/src/stage3_flow.cpp	src/flow_immersed.cpp
flow/src/stage3_flow_test_access.hpp	tests/support/flow_immersed_test_access.hpp
flow/src/stage3_piso_detail.hpp	src/flow_immersed_piso_detail.hpp
immersed/include/hundun/immersed/ghost_stencil_plan.hpp	include/hundun/ib_ghost_stencil_plan.hpp
immersed/include/hundun/immersed/immersed_domain.hpp	include/hundun/ib_domain.hpp
immersed/include/hundun/immersed/immersed_surface.hpp	include/hundun/ib_surface.hpp
immersed/include/hundun/immersed/local_flow_pattern.hpp	include/hundun/ib_local_flow_pattern.hpp
immersed/include/hundun/immersed/quadratic_reconstruction.hpp	include/hundun/ib_quadratic_reconstruction.hpp
immersed/include/hundun/immersed/surface_query.hpp	include/hundun/ib_surface_query.hpp
immersed/include/hundun/immersed/wall_force.hpp	include/hundun/ib_wall_force.hpp
immersed/src/deterministic_qr_detail.hpp	src/ib_deterministic_qr_detail.hpp
immersed/src/ghost_stencil_plan.cpp	src/ib_ghost_stencil_plan.cpp
immersed/src/ghost_stencil_plan_internal.hpp	src/ib_ghost_stencil_plan_detail.hpp
immersed/src/immersed_domain.cpp	src/ib_domain.cpp
immersed/src/immersed_surface.cpp	src/ib_surface.cpp
immersed/src/immersed_test_access.hpp	tests/support/ib_test_access.hpp
immersed/src/local_flow_pattern.cpp	src/ib_local_flow_pattern.cpp
immersed/src/quadratic_reconstruction.cpp	src/ib_quadratic_reconstruction.cpp
immersed/src/quadratic_reconstruction_internal.hpp	src/ib_quadratic_reconstruction_detail.hpp
immersed/src/stl_reader_detail.hpp	src/ib_stl_reader_detail.hpp
immersed/src/surface_bvh_detail.hpp	src/ib_surface_bvh_detail.hpp
immersed/src/surface_query.cpp	src/ib_surface_query.cpp
immersed/src/wall_force.cpp	src/ib_wall_force.cpp
immersed/src/wall_force_detail.hpp	src/ib_wall_force_detail.hpp
linear/include/hundun/linear/bicgstab.hpp	include/hundun/lin_bicgstab.hpp
linear/include/hundun/linear/conjugate_gradient.hpp	include/hundun/lin_conjugate_gradient.hpp
linear/include/hundun/linear/ghosted_vector.hpp	include/hundun/lin_ghosted_vector.hpp
linear/include/hundun/linear/ghosted_vector_halo.hpp	include/hundun/lin_ghosted_vector_halo.hpp
linear/include/hundun/linear/linear_system.hpp	include/hundun/lin_system.hpp
linear/include/hundun/linear/preconditioners.hpp	include/hundun/lin_preconditioners.hpp
linear/include/hundun/linear/vector_ops.hpp	include/hundun/lin_vector_ops.hpp
linear/src/bicgstab.cpp	src/lin_bicgstab.cpp
linear/src/bicgstab_detail.hpp	src/lin_bicgstab_detail.hpp
linear/src/conjugate_gradient.cpp	src/lin_conjugate_gradient.cpp
linear/src/conjugate_gradient_detail.hpp	src/lin_conjugate_gradient_detail.hpp
linear/src/ghosted_vector.cpp	src/lin_ghosted_vector.cpp
linear/src/ghosted_vector_halo.cpp	src/lin_ghosted_vector_halo.cpp
linear/src/ghosted_vector_halo_detail.cpp	src/lin_ghosted_vector_halo_detail.cpp
linear/src/ghosted_vector_halo_detail.hpp	src/lin_ghosted_vector_halo_detail.hpp
linear/src/ghosted_vector_halo_test_access.hpp	tests/support/lin_ghosted_vector_halo_test_access.hpp
linear/src/preconditioners.cpp	src/lin_preconditioners.cpp
linear/src/preconditioners_test_access.hpp	tests/support/lin_preconditioners_test_access.hpp
linear/src/solve_collective_detail.cpp	src/lin_solve_collective_detail.cpp
linear/src/solve_collective_detail.hpp	src/lin_solve_collective_detail.hpp
linear/src/vector_ops.cpp	src/lin_vector_ops.cpp
linear/src/vector_ops_detail.hpp	src/lin_vector_ops_detail.hpp
mesh/include/hundun/mesh/mesh_geometry.hpp	include/hundun/mesh_geometry.hpp
mesh/include/hundun/mesh/mesh_topology.hpp	include/hundun/mesh_topology.hpp
mesh/include/hundun/mesh/uniform_structured_mesh.hpp	include/hundun/mesh_uniform_structured.hpp
mesh/src/geometry_arithmetic.hpp	src/mesh_geometry_arithmetic_detail.hpp
mesh/src/mesh_geometry.cpp	src/mesh_geometry.cpp
mesh/src/mesh_topology.cpp	src/mesh_topology.cpp
mesh/src/uniform_structured_mesh.cpp	src/mesh_uniform_structured.cpp
runtime/include/hundun/runtime/collective_status.hpp	include/hundun/rt_collective_status.hpp
runtime/include/hundun/runtime/error.hpp	include/hundun/rt_error.hpp
runtime/include/hundun/runtime/exchange_plan.hpp	include/hundun/rt_exchange_plan.hpp
runtime/include/hundun/runtime/field_access_plan.hpp	include/hundun/rt_field_access_plan.hpp
runtime/include/hundun/runtime/field_descriptor.hpp	include/hundun/rt_field_descriptor.hpp
runtime/include/hundun/runtime/field_registry.hpp	include/hundun/rt_field_registry.hpp
runtime/include/hundun/runtime/field_storage.hpp	include/hundun/rt_field_storage.hpp
runtime/include/hundun/runtime/field_view.hpp	include/hundun/rt_field_view.hpp
runtime/include/hundun/runtime/halo_exchange.hpp	include/hundun/rt_halo_exchange.hpp
runtime/include/hundun/runtime/halo_performance_counters.hpp	include/hundun/rt_halo_performance_counters.hpp
runtime/include/hundun/runtime/kernel_field_view.hpp	include/hundun/rt_kernel_field_view.hpp
runtime/include/hundun/runtime/mpi_context.hpp	include/hundun/rt_mpi_context.hpp
runtime/include/hundun/runtime/mpi_environment.hpp	include/hundun/rt_mpi_environment.hpp
runtime/include/hundun/runtime/mpi_operation_error.hpp	include/hundun/rt_mpi_operation_error.hpp
runtime/include/hundun/runtime/restart_binary.hpp	include/hundun/rt_restart_binary.hpp
runtime/include/hundun/runtime/structured_decomposition.hpp	include/hundun/rt_structured_decomposition.hpp
runtime/include/hundun/runtime/types.hpp	include/hundun/rt_types.hpp
runtime/include/hundun/runtime/vtk_legacy.hpp	include/hundun/rt_vtk_legacy.hpp
runtime/src/checkpoint_v2_protocol.cpp	src/rt_checkpoint_v2_protocol.cpp
runtime/src/checkpoint_v2_protocol.hpp	src/rt_checkpoint_v2_protocol_detail.hpp
runtime/src/collective_status.cpp	src/rt_collective_status.cpp
runtime/src/exchange_plan.cpp	src/rt_exchange_plan.cpp
runtime/src/field_access_plan.cpp	src/rt_field_access_plan.cpp
runtime/src/field_epoch_test_access.hpp	tests/support/rt_field_epoch_test_access.hpp
runtime/src/field_registry.cpp	src/rt_field_registry.cpp
runtime/src/field_storage.cpp	src/rt_field_storage.cpp
runtime/src/halo_detail.cpp	src/rt_halo_detail.cpp
runtime/src/halo_detail.hpp	src/rt_halo_detail.hpp
runtime/src/halo_exchange.cpp	src/rt_halo_exchange.cpp
runtime/src/halo_test_access.hpp	tests/support/rt_halo_test_access.hpp
runtime/src/mpi_context.cpp	src/rt_mpi_context.cpp
runtime/src/mpi_context_test_seam.hpp	tests/support/rt_mpi_context_test_seam.hpp
runtime/src/mpi_environment.cpp	src/rt_mpi_environment.cpp
runtime/src/mpi_error.cpp	src/rt_mpi_error.cpp
runtime/src/mpi_error.hpp	src/rt_mpi_error_detail.hpp
runtime/src/process_grid.cpp	src/rt_process_grid.cpp
runtime/src/process_grid.hpp	src/rt_process_grid_detail.hpp
runtime/src/restart_binary.cpp	src/rt_restart_binary.cpp
runtime/src/restart_detail.hpp	src/rt_restart_detail.hpp
runtime/src/structured_decomposition.cpp	src/rt_structured_decomposition.cpp
runtime/src/vtk_legacy.cpp	src/rt_vtk_legacy.cpp
sdk/include/hundun/sdk/plugin_api.h	include/hundun/sdk_plugin_api.h
sdk/include/hundun/sdk/plugin_loader.hpp	include/hundun/sdk_plugin_loader.hpp
sdk/src/plugin_loader.cpp	src/sdk_plugin_loader.cpp
solver/include/hundun/solver/passive_scalar.hpp	include/hundun/flow_passive_scalar.hpp
solver/src/passive_scalar.cpp	src/flow_passive_scalar.cpp
