path	product_blob	governance_blob	relation
.gitignore	8a849fa8d2a37bad29e6bf3bb7481f4d3c20cce0	8a849fa8d2a37bad29e6bf3bb7481f4d3c20cce0	identical
CMakeLists.txt	cb3f302f46109ac755ad8fb2806381ea730d2c6a	cb3f302f46109ac755ad8fb2806381ea730d2c6a	identical
CMakePresets.json	3bb36351e4d3a8795e63865efb639735ef7ad1e7	edf9b8ebfd1e2fb6733191abb63e6319e76b3556	product_tests_off_preset
CONTRIBUTING.md	346b965a31f834c98420181df5703077d2846d5c	346b965a31f834c98420181df5703077d2846d5c	identical
DCO.md	49b8cb0549267a8176467738b172a63d86eff436	49b8cb0549267a8176467738b172a63d86eff436	identical
LICENSE	d645695673349e3947e8e5ae42332d0ac3164cd7	d645695673349e3947e8e5ae42332d0ac3164cd7	identical
LICENSES/yyjson-MIT.txt	a09bff355348932f9a1bd8c2e7417afb1ec0c943	a09bff355348932f9a1bd8c2e7417afb1ec0c943	identical
NOTICE	b52d6ba511e69032222247e86de7d065e96a243c	b52d6ba511e69032222247e86de7d065e96a243c	identical
README.md	41f3309eba07e8ff9d8499eeaaf1f93639f54752	41f3309eba07e8ff9d8499eeaaf1f93639f54752	identical
THIRD_PARTY.md	7fd756a9ed3c677321e98b5b81917813820eaca2	7fd756a9ed3c677321e98b5b81917813820eaca2	identical
VERSION	0ea3a944b399d25f7e1b8fe684d754eb8da9fe7f	6e8bf73aa550d4c57f6f35830f1bcdc7a4a62f38	product_only_override
cmake/HundunPerformanceSourceMetadata.cmake	5db8df1b20f57253374e9eec40188d4055ba981e	5db8df1b20f57253374e9eec40188d4055ba981e	identical
cmake/HundunProvenanceGuard.cmake	a38ed2dc3d322e89523373d14cded1f36c7119be	a38ed2dc3d322e89523373d14cded1f36c7119be	identical
cmake/HundunSanitizers.cmake	f933bbbe3a148621f14c0d341ea98c3357b0aa0c	f933bbbe3a148621f14c0d341ea98c3357b0aa0c	identical
cmake/HundunWarnings.cmake	b280025e4a858c81d6feef5a0e1986e3e4e96229	b280025e4a858c81d6feef5a0e1986e3e4e96229	identical
docs/ai-skill/index.md	52e9620deecf6622db02e55f0122980b29f6bcb6	52e9620deecf6622db02e55f0122980b29f6bcb6	identical
docs/ai-skill/installation-and-build.md	3f1efac168cd4012368d469e6ed6cb0f40ee86b8	3f1efac168cd4012368d469e6ed6cb0f40ee86b8	identical
docs/ai-skill/interpreting-results.md	86e210f5c4d59e97d1f8506a998e7d96a5bec940	86e210f5c4d59e97d1f8506a998e7d96a5bec940	identical
docs/ai-skill/model-setup.md	fc431843e004e1ef6568fec668b4c3624972e2b1	fc431843e004e1ef6568fec668b4c3624972e2b1	identical
docs/ai-skill/running-and-monitoring.md	fe8024917320a30f03103cf203648670ac0d2e9e	fe8024917320a30f03103cf203648670ac0d2e9e	identical
docs/api/cli.md	b4c66fceee5b6d384dcb5a23314b5495c1993499	b4c66fceee5b6d384dcb5a23314b5495c1993499	identical
docs/api/configuration-schema.md	8acb88987a7f70a700d420f238e75b0a9a45140d	8acb88987a7f70a700d420f238e75b0a9a45140d	identical
docs/api/diagnostics.md	9944f652064eada5c5da5167a4cde3f7f82ebff3	9944f652064eada5c5da5167a4cde3f7f82ebff3	identical
docs/api/error-codes.md	2f885afd78d02ff9cef5a056194241998478b116	2f885afd78d02ff9cef5a056194241998478b116	identical
docs/api/restart-schema.md	bcf57e994f526645c9c764255b9a5c6eb15c6441	bcf57e994f526645c9c764255b9a5c6eb15c6441	identical
docs/architecture/data-flow.md	84caf6cc8680fcd5c704cc0aef616a8bb681a375	84caf6cc8680fcd5c704cc0aef616a8bb681a375	identical
docs/architecture/modules.md	0532b256940eb07dffde49f715f15fe830522874	0532b256940eb07dffde49f715f15fe830522874	identical
docs/architecture/overview.md	ba49a0315d472e99159ab1476af1c404692fdb34	ba49a0315d472e99159ab1476af1c404692fdb34	identical
docs/architecture/ownership-and-lifetime.md	d1aa3c261992d8e6bb60e3b772d52b550905ec7f	d1aa3c261992d8e6bb60e3b772d52b550905ec7f	identical
docs/architecture/runtime.md	7692727ae894b25a83c64656813c1e90290a07d7	7692727ae894b25a83c64656813c1e90290a07d7	identical
docs/development/contributing.md	5ef655124dadb3d51c4eb9bd92474c60d7d6b2b4	5ef655124dadb3d51c4eb9bd92474c60d7d6b2b4	identical
docs/development/dco.md	39d34203dcf37ae518118b6e85cc0018e7b7a433	39d34203dcf37ae518118b6e85cc0018e7b7a433	identical
docs/development/naming-and-style.md	27cf5808d3c211637e0a88d3fbc969d1234e3832	27cf5808d3c211637e0a88d3fbc969d1234e3832	identical
docs/development/public-api-compatibility.md	969c26e2fce4e789c7c916360dcd05a2eb7830cd	969c26e2fce4e789c7c916360dcd05a2eb7830cd	identical
docs/index.md	d22aa8ac486a6c2eac537cfc078502788eac3de2	d22aa8ac486a6c2eac537cfc078502788eac3de2	identical
docs/numerics/applicability-and-limitations.md	c9f605bdbed13581e9e7bb3b2239ec6e0f752a76	c9f605bdbed13581e9e7bb3b2239ec6e0f752a76	identical
docs/numerics/boundary-conditions.md	d8ac102fca40a19ea4ca1a7c802d4cf5cac31b44	d8ac102fca40a19ea4ca1a7c802d4cf5cac31b44	identical
docs/numerics/conservation.md	8e2a281fb4145ac9b7419c8b05134ed59001254d	8e2a281fb4145ac9b7419c8b05134ed59001254d	identical
docs/numerics/convergence.md	25a3522179757af6f1aaed70a46af91ecbe7c1d7	25a3522179757af6f1aaed70a46af91ecbe7c1d7	identical
docs/numerics/discretization.md	a3330cb3b8ef10b4e20685d832517645d0898bbe	a3330cb3b8ef10b4e20685d832517645d0898bbe	identical
docs/numerics/governing-equations.md	4665257df5e546b037054513e9f59c84a0b8c502	4665257df5e546b037054513e9f59c84a0b8c502	identical
docs/numerics/stage2-capability-ledger.md	7dbf75168d173d2d67af255ff26052afaca22407	7dbf75168d173d2d67af255ff26052afaca22407	identical
docs/numerics/stage2-contracts.md	4b5e2e195ee7486e681b1d0be58ea73eef1644b3	4b5e2e195ee7486e681b1d0be58ea73eef1644b3	identical
docs/numerics/stage3-capability-ledger.md	74da78be73bca895160287f0a5f83573d5e22a1f	74da78be73bca895160287f0a5f83573d5e22a1f	identical
docs/numerics/stage3-contracts.md	cf04a7cc1c9711e363383c1a7c1e623e65aaccb5	cf04a7cc1c9711e363383c1a7c1e623e65aaccb5	identical
docs/numerics/units-and-signs.md	df91bdff77bb25f44739a35c9a925661b2699c5e	df91bdff77bb25f44739a35c9a925661b2699c5e	identical
docs/releases/current-capabilities.md	4abe44ab905392267b91db9b1e5635f59b2e7c26	4abe44ab905392267b91db9b1e5635f59b2e7c26	identical
docs/releases/version-evolution.md	7c011e14e47f9b90a4aaf9af995d05d00639797f	7c011e14e47f9b90a4aaf9af995d05d00639797f	identical
docs/user-guide/build.md	cc6a9c258b052b3a36566a4147c87ddc88abb2b0	cc6a9c258b052b3a36566a4147c87ddc88abb2b0	identical
docs/user-guide/configuration.md	6b9f942e4efd91f393de42ddb72e1201fa751faa	6b9f942e4efd91f393de42ddb72e1201fa751faa	identical
docs/user-guide/diagnostics.md	58fa1bfc3ad234013a40299a8764e8b6c723a68a	58fa1bfc3ad234013a40299a8764e8b6c723a68a	identical
docs/user-guide/installation.md	737d3c8c36c0f98ccc819a73bda847d742a9aa5f	737d3c8c36c0f98ccc819a73bda847d742a9aa5f	identical
docs/user-guide/quick-start.md	12690bf9fe4f4b9261289e96333105caaa721f21	12690bf9fe4f4b9261289e96333105caaa721f21	identical
docs/user-guide/restart.md	61709fd5dc2c7067e2914a4cacec3db1f59d2793	61709fd5dc2c7067e2914a4cacec3db1f59d2793	identical
docs/user-guide/troubleshooting.md	b2a1d7ef0d2c888d8bc29d682c62ffb48c0fbbd5	b2a1d7ef0d2c888d8bc29d682c62ffb48c0fbbd5	identical
docs/verification/accepted-capabilities.md	254353e55ae0bba28d75ab300bd430160cdbc610	254353e55ae0bba28d75ab300bd430160cdbc610	identical
docs/verification/conservation-summary.md	24ffa9b58668c4e300fc9293e212b175419ff7d8	24ffa9b58668c4e300fc9293e212b175419ff7d8	identical
docs/verification/convergence-summary.md	9fcb6c34217139e4959183cb0f0fc662f80cc395	9fcb6c34217139e4959183cb0f0fc662f80cc395	identical
docs/verification/decomposition-summary.md	79636e35274f3ece7d2e2179e6c7cbc8a2d783c5	79636e35274f3ece7d2e2179e6c7cbc8a2d783c5	identical
docs/verification/restart-and-rollback-summary.md	1fc1fe0d05e3ee09f6a231825fc836ad19194b7b	1fc1fe0d05e3ee09f6a231825fc836ad19194b7b	identical
examples/minimal/README.md	9e5e1d957211df8b0e7ae4834682d45a9f4170c9	9e5e1d957211df8b0e7ae4834682d45a9f4170c9	identical
examples/minimal/case.json	f0f5675a6e0339e9055ef0d80383ee8bdda91fd5	f0f5675a6e0339e9055ef0d80383ee8bdda91fd5	identical
include/hundun/bc_basic_boundary.hpp	637b3980b769c548a0b66e114305ffaaeb3090f9	637b3980b769c548a0b66e114305ffaaeb3090f9	identical
include/hundun/cfg_case_config.hpp	9339c804896321283647d43b9c1c9d7dd146370a	9339c804896321283647d43b9c1c9d7dd146370a	identical
include/hundun/cfg_case_config_loader.hpp	433d2dae6453b03854df1876477353b4f9082484	433d2dae6453b03854df1876477353b4f9082484	identical
include/hundun/cfg_resolved_case.hpp	4d19643b22a2cf8c7c0a822e47cc37d148273568	4d19643b22a2cf8c7c0a822e47cc37d148273568	identical
include/hundun/cfg_resolved_case_loader.hpp	ec357b819118d79ae75bcc899b732227062750f9	ec357b819118d79ae75bcc899b732227062750f9	identical
include/hundun/cfg_resolved_case_v3.hpp	60b4ddb88501218ea4f05aabadf6c0617c633d58	60b4ddb88501218ea4f05aabadf6c0617c633d58	identical
include/hundun/cfg_resolved_case_v3_loader.hpp	cb9de3a8414b324c22fd70c1ba56cc5c0dc7fc69	cb9de3a8414b324c22fd70c1ba56cc5c0dc7fc69	identical
include/hundun/diag_checkpoint_v2.hpp	4acacd41a1af886b1fb65b6428b8a0eca08032f3	4acacd41a1af886b1fb65b6428b8a0eca08032f3	identical
include/hundun/diag_checkpoint_v3.hpp	9b54ec8ac34d16306ca6dd67f12ea4c8fb5cf788	9b54ec8ac34d16306ca6dd67f12ea4c8fb5cf788	identical
include/hundun/diag_ideal_gas_closure.hpp	2d37ee45ab7ef1240563c9ac5a67e1ee2d6743e0	2d37ee45ab7ef1240563c9ac5a67e1ee2d6743e0	identical
include/hundun/diag_immersed_module.hpp	0ad16b6221b6026eab6289e28b9d436a173585e2	0ad16b6221b6026eab6289e28b9d436a173585e2	identical
include/hundun/diag_immersed_static.hpp	80f6eef84e929709ebd6511f762e9aaae454087b	80f6eef84e929709ebd6511f762e9aaae454087b	identical
include/hundun/diag_les_wale.hpp	5277327a36d830727f8074e0451886fde5b93f99	5277327a36d830727f8074e0451886fde5b93f99	identical
include/hundun/diag_material_density_piso.hpp	56424ab0227de079d53932c394f7cf19e39378c0	56424ab0227de079d53932c394f7cf19e39378c0	identical
include/hundun/diag_material_density_transport.hpp	233196eab39e4c2b136d47e3c5b9452d63a0dcec	233196eab39e4c2b136d47e3c5b9452d63a0dcec	identical
include/hundun/diag_mesh_v2.hpp	200543d0eb513420dffa3634fbbd86313268f5d0	200543d0eb513420dffa3634fbbd86313268f5d0	identical
include/hundun/diag_module.hpp	19898acf84b008eb9ba9d30d1361736b6ffae02c	19898acf84b008eb9ba9d30d1361736b6ffae02c	identical
include/hundun/diag_performance_artifact.hpp	d6eebf1733c41db3cb0046ec7a39ac86615e581d	d6eebf1733c41db3cb0046ec7a39ac86615e581d	identical
include/hundun/diag_performance_correctness.hpp	0103ef8c69b4343b958000032190214ba32920a6	0103ef8c69b4343b958000032190214ba32920a6	identical
include/hundun/diag_session.hpp	31bfd4ed1e69ae306862e53bca9c58201a1bb03f	31bfd4ed1e69ae306862e53bca9c58201a1bb03f	identical
include/hundun/diag_stage3_evidence_manifest.hpp	904422805a4823d7a8ac90ff7678416e31c2f862	904422805a4823d7a8ac90ff7678416e31c2f862	identical
include/hundun/diag_stage3_performance.hpp	0375a7d42c4f911061308e5291021de4b83f9ec3	0375a7d42c4f911061308e5291021de4b83f9ec3	identical
include/hundun/diag_structured.hpp	f612841f0fca4c257ce3dab771fe944cfa8c6628	f612841f0fca4c257ce3dab771fe944cfa8c6628	identical
include/hundun/diag_time_control.hpp	45b616aa498b751b7dac1493fc646b034d2901cb	45b616aa498b751b7dac1493fc646b034d2901cb	identical
include/hundun/exec_execution.hpp	e295ea6a055c1d5f8b9446e0871ad0cf8c822a7d	e295ea6a055c1d5f8b9446e0871ad0cf8c822a7d	identical
include/hundun/flow_adaptive_time_control.hpp	01d8094b486929e79b7a8e4395dc17cbe3ecf7e6	01d8094b486929e79b7a8e4395dc17cbe3ecf7e6	identical
include/hundun/flow_checkpoint_v2.hpp	35fe15248a96afd461f2be0b0b05fc80b39a5eba	35fe15248a96afd461f2be0b0b05fc80b39a5eba	identical
include/hundun/flow_checkpoint_v3.hpp	7c62f136a8c9e8df47d04c1e2e399750997dfd6a	7c62f136a8c9e8df47d04c1e2e399750997dfd6a	identical
include/hundun/flow_constant_density_piso.hpp	478b9ebd1435f3baa30904a4daf849a7a245e732	478b9ebd1435f3baa30904a4daf849a7a245e732	identical
include/hundun/flow_ideal_gas_closure.hpp	8d3c718d578d615d4255a4c8299c3e6ded2ff6e2	8d3c718d578d615d4255a4c8299c3e6ded2ff6e2	identical
include/hundun/flow_ideal_gas_piso.hpp	ed486075d1528b0b2e2f6a1399f4362a9e448e24	ed486075d1528b0b2e2f6a1399f4362a9e448e24	identical
include/hundun/flow_immersed.hpp	89d2589537f15ef5d89a708787775f4c912eadeb	89d2589537f15ef5d89a708787775f4c912eadeb	identical
include/hundun/flow_material_density_piso.hpp	4c8542229a84aa554aa69375076b831f09a89b9f	4c8542229a84aa554aa69375076b831f09a89b9f	identical
include/hundun/flow_material_density_transport.hpp	ba7bfc3810bd5afe257ca647b280045494ca1c2f	ba7bfc3810bd5afe257ca647b280045494ca1c2f	identical
include/hundun/flow_momentum_predictor.hpp	380719bf1ba645b988865677abc0a2c2e508c441	380719bf1ba645b988865677abc0a2c2e508c441	identical
include/hundun/flow_passive_scalar.hpp	c3cf09e4b68d33910f9caf4917dd03c814dce606	c3cf09e4b68d33910f9caf4917dd03c814dce606	identical
include/hundun/flow_state.hpp	b7e60a293d116ce6bd3bc1333c86fed6c7866ee0	b7e60a293d116ce6bd3bc1333c86fed6c7866ee0	identical
include/hundun/fvm_cell_centered.hpp	5fb3df2e66f69daf01bbd3ade9116e1f23b6cc98	5fb3df2e66f69daf01bbd3ade9116e1f23b6cc98	identical
include/hundun/fvm_immersed_operator.hpp	69d4d82b009cce4ecb4aeb16bbb57dbd10bd58db	69d4d82b009cce4ecb4aeb16bbb57dbd10bd58db	identical
include/hundun/fvm_immersed_reconstruction.hpp	805267dbd4581efaa1f3ca3d0191b8a44df3f4cd	805267dbd4581efaa1f3ca3d0191b8a44df3f4cd	identical
include/hundun/fvm_matrix_free_poisson.hpp	1ce562117740feb3c2f6593bedd931d4b718bcaa	1ce562117740feb3c2f6593bedd931d4b718bcaa	identical
include/hundun/fvm_poisson_boundary_adapter.hpp	07231d36a00111428caf1cfa9e5e9d403be84512	07231d36a00111428caf1cfa9e5e9d403be84512	identical
include/hundun/ib_domain.hpp	a9720e1efb89c36fc2d2bb0d0bdd7fd4f7edb0ae	a9720e1efb89c36fc2d2bb0d0bdd7fd4f7edb0ae	identical
include/hundun/ib_ghost_stencil_plan.hpp	0b4e65a7377610e25065b366f213f35a310e823e	0b4e65a7377610e25065b366f213f35a310e823e	identical
include/hundun/ib_local_flow_pattern.hpp	b825a681dc931f288f7996b5c891ef56b863b682	b825a681dc931f288f7996b5c891ef56b863b682	identical
include/hundun/ib_quadratic_reconstruction.hpp	999a278f379b1334a1e34a15ef2d3a9d3c1b1ca1	999a278f379b1334a1e34a15ef2d3a9d3c1b1ca1	identical
include/hundun/ib_surface.hpp	0c9c445fd9f5b681ecbea276d9b0e1a033ae926e	0c9c445fd9f5b681ecbea276d9b0e1a033ae926e	identical
include/hundun/ib_surface_query.hpp	488c22c36933a9ceb3637a2e79d126fe035fdb60	488c22c36933a9ceb3637a2e79d126fe035fdb60	identical
include/hundun/ib_wall_force.hpp	95f26b96617690b0089288810509e4e98126a077	95f26b96617690b0089288810509e4e98126a077	identical
include/hundun/les_wale.hpp	6a8dbd63de4065b77ee62a811fb681e80c97e3ff	6a8dbd63de4065b77ee62a811fb681e80c97e3ff	identical
include/hundun/lin_bicgstab.hpp	164e2fe62b71569e0d8e6af87b9484dc44ad09fa	164e2fe62b71569e0d8e6af87b9484dc44ad09fa	identical
include/hundun/lin_conjugate_gradient.hpp	227db95165e784326e9303659ccfa6af6b57efbd	227db95165e784326e9303659ccfa6af6b57efbd	identical
include/hundun/lin_ghosted_vector.hpp	f6bcef1b80f8940d13fd6461bd02800417e4a618	f6bcef1b80f8940d13fd6461bd02800417e4a618	identical
include/hundun/lin_ghosted_vector_halo.hpp	694624da4310b3ce8bc0060f90b354c917f6b81a	694624da4310b3ce8bc0060f90b354c917f6b81a	identical
include/hundun/lin_preconditioners.hpp	0c78a3a1cf1044ca2a5340bed6cc0f4eda0d08cc	0c78a3a1cf1044ca2a5340bed6cc0f4eda0d08cc	identical
include/hundun/lin_system.hpp	2474d83ee8c5040190965f3cdc6a8d658bcfd9e9	2474d83ee8c5040190965f3cdc6a8d658bcfd9e9	identical
include/hundun/lin_vector_ops.hpp	bc2c09e84ca69113763569792e6d33542ec63994	bc2c09e84ca69113763569792e6d33542ec63994	identical
include/hundun/mesh_geometry.hpp	f6d82da570b39856f8a87a86f8b6c3cbe0333bf7	f6d82da570b39856f8a87a86f8b6c3cbe0333bf7	identical
include/hundun/mesh_topology.hpp	d7fcdf25cb55c3a9b0b6e76ec271891c0ae0e397	d7fcdf25cb55c3a9b0b6e76ec271891c0ae0e397	identical
include/hundun/mesh_uniform_structured.hpp	9fbf065c7fde6733c1d4282cf53957874fc11bb2	9fbf065c7fde6733c1d4282cf53957874fc11bb2	identical
include/hundun/rt_collective_status.hpp	02e07270fddd0d6cd39d0cc1b3eb5c09247a8283	02e07270fddd0d6cd39d0cc1b3eb5c09247a8283	identical
include/hundun/rt_error.hpp	5ee5ea4d6caeb172137016931f0b10e45c4e9f62	5ee5ea4d6caeb172137016931f0b10e45c4e9f62	identical
include/hundun/rt_exchange_plan.hpp	3355d6e54b53a2bcc2710cec84e8e5e6e4e386e0	3355d6e54b53a2bcc2710cec84e8e5e6e4e386e0	identical
include/hundun/rt_field_access_plan.hpp	b6631e526b80d8666df0791defb47bd1426e6159	b6631e526b80d8666df0791defb47bd1426e6159	identical
include/hundun/rt_field_descriptor.hpp	05ef1e8f5e8c4315f9eab93ecac0d37d5cfd2e86	05ef1e8f5e8c4315f9eab93ecac0d37d5cfd2e86	identical
include/hundun/rt_field_registry.hpp	45b0e3ee0cefa7ee071c7d7b757553736cce469f	45b0e3ee0cefa7ee071c7d7b757553736cce469f	identical
include/hundun/rt_field_storage.hpp	b2ad857e2d12f35f38c82058aba01f4707d31a52	b2ad857e2d12f35f38c82058aba01f4707d31a52	identical
include/hundun/rt_field_view.hpp	298c0339f1038bc857ebf35fe6e937e79bd6bfc0	298c0339f1038bc857ebf35fe6e937e79bd6bfc0	identical
include/hundun/rt_halo_exchange.hpp	fbf837ccdf6feef211bec8884ef0fabe2f1ec717	fbf837ccdf6feef211bec8884ef0fabe2f1ec717	identical
include/hundun/rt_halo_performance_counters.hpp	f359de373d7d767bf9df60b918191f3ec125b200	f359de373d7d767bf9df60b918191f3ec125b200	identical
include/hundun/rt_kernel_field_view.hpp	179d2c6a0cb1cddfa77372d8747de4030da8b734	179d2c6a0cb1cddfa77372d8747de4030da8b734	identical
include/hundun/rt_mpi_context.hpp	e15d08e7a0e7862ded65e96f5fd85f87de3f8d65	e15d08e7a0e7862ded65e96f5fd85f87de3f8d65	identical
include/hundun/rt_mpi_environment.hpp	1559da1f9a76b1bbcc9ee2d2a155da32e1501a65	1559da1f9a76b1bbcc9ee2d2a155da32e1501a65	identical
include/hundun/rt_mpi_operation_error.hpp	4170bb5384966af3e6094f2d9fde925ae31e4d80	4170bb5384966af3e6094f2d9fde925ae31e4d80	identical
include/hundun/rt_restart_binary.hpp	c876aa281dc949ce8890bfb8a72a6ca226696374	c876aa281dc949ce8890bfb8a72a6ca226696374	identical
include/hundun/rt_structured_decomposition.hpp	96bf09fc929ef19161e0dc88a3d29f50b32fbb26	96bf09fc929ef19161e0dc88a3d29f50b32fbb26	identical
include/hundun/rt_types.hpp	555e7965626ec1dfd8ab764df9e37a46fa5af0cb	555e7965626ec1dfd8ab764df9e37a46fa5af0cb	identical
include/hundun/rt_vtk_legacy.hpp	ed5cb5afc840399750655a23167d78968b72626e	ed5cb5afc840399750655a23167d78968b72626e	identical
include/hundun/sdk_plugin_api.h	72ffed84b24a75075b31464827827767d6abb18b	72ffed84b24a75075b31464827827767d6abb18b	identical
include/hundun/sdk_plugin_loader.hpp	e9aeeb44d26e9f30c81ec52caaa29b0846b8cd26	e9aeeb44d26e9f30c81ec52caaa29b0846b8cd26	identical
src/CMakeLists.txt	6eb1d28602a77da508bc352138bc9f5e89e46207	6eb1d28602a77da508bc352138bc9f5e89e46207	identical
src/app_case_config_broadcast.cpp	6559ac22d8cd0f8510d93d705754c05634ed85be	6559ac22d8cd0f8510d93d705754c05634ed85be	identical
src/app_case_config_broadcast_detail.hpp	c00e3f39c8c4ac80eaeb67438cba19a02d31293a	c00e3f39c8c4ac80eaeb67438cba19a02d31293a	identical
src/app_cli_options.cpp	28ea9fa9a7febb8681e3f4cd6f23af65fecabcef	28ea9fa9a7febb8681e3f4cd6f23af65fecabcef	identical
src/app_cli_options_detail.hpp	cdc050f45c316a5dbb508e7632025aa1545a603b	cdc050f45c316a5dbb508e7632025aa1545a603b	identical
src/app_dispatch_order_detail.hpp	83da8a2bdb533e6e7186fea75e50b40ef07d40fb	83da8a2bdb533e6e7186fea75e50b40ef07d40fb	identical
src/app_flow_driver.cpp	b73d79d524098febbe07df4c528fcd8590a2ddfd	b73d79d524098febbe07df4c528fcd8590a2ddfd	identical
src/app_flow_driver_detail.hpp	cbbd3f9498f5873518f59e1571a8f01243d85a81	cbbd3f9498f5873518f59e1571a8f01243d85a81	identical
src/app_immersed_flow_driver.cpp	d4453e3992bbdc63a5ef3b10b6c545c8fc89fc47	d4453e3992bbdc63a5ef3b10b6c545c8fc89fc47	identical
src/app_immersed_flow_driver_detail.hpp	51060a0c88bc98e2c6ebc5a9cdff90eac71575e8	51060a0c88bc98e2c6ebc5a9cdff90eac71575e8	identical
src/app_main.cpp	61b318d199882d736cec6efcc351aa48939b771c	61b318d199882d736cec6efcc351aa48939b771c	identical
src/app_passive_scalar_driver.cpp	e00a2ff86d9f8f8c95d3d4ae1fd2f9fd23569f16	e00a2ff86d9f8f8c95d3d4ae1fd2f9fd23569f16	identical
src/app_passive_scalar_driver_detail.hpp	0611052ba5cad379570a1620a1c969d98b72770d	0611052ba5cad379570a1620a1c969d98b72770d	identical
src/app_performance_build.hpp.in	4fcd064ba80c45ba2cddb95164a06a715aec18b2	4fcd064ba80c45ba2cddb95164a06a715aec18b2	identical
src/app_performance_crc64_detail.hpp	baa8d94b8a199201823fa010e9162c8d2eefb4b0	baa8d94b8a199201823fa010e9162c8d2eefb4b0	identical
src/app_performance_diagnostic_detail.hpp	2e23c9038c781081c8dce3b26d2681b974d1efbb	2e23c9038c781081c8dce3b26d2681b974d1efbb	identical
src/app_performance_fingerprint_detail.hpp	005c24bde341b7d85fa681dd093f665929a1da7f	005c24bde341b7d85fa681dd093f665929a1da7f	identical
src/app_performance_timing_detail.hpp	8eed5320c2342d8fe0d812d1c5ba1986971e1200	8eed5320c2342d8fe0d812d1c5ba1986971e1200	identical
src/app_resolved_case_v3_broadcast.cpp	1297c325e57fe425e5c6690f2f07c93a8a719cd7	1297c325e57fe425e5c6690f2f07c93a8a719cd7	identical
src/app_resolved_case_v3_broadcast_detail.hpp	d075fb414fd1f19f1a79670ffb5aca2f6717c352	d075fb414fd1f19f1a79670ffb5aca2f6717c352	identical
src/app_version.hpp.in	b113d7eba0f35408be5102f0e80ca1170054eefd	b113d7eba0f35408be5102f0e80ca1170054eefd	identical
src/bc_basic_boundary.cpp	9171dc7ace0c525f56ba8aa4229acde3fe56b4bf	9171dc7ace0c525f56ba8aa4229acde3fe56b4bf	identical
src/cfg_case_config_loader.cpp	e394f3778624e27c9f3f068d516d4686ef1723ff	e394f3778624e27c9f3f068d516d4686ef1723ff	identical
src/cfg_case_config_loader_detail.hpp	879b97c4fc4eba19256190f0d429f8d3ecb5e2a6	879b97c4fc4eba19256190f0d429f8d3ecb5e2a6	identical
src/cfg_resolved_case_loader.cpp	1d6f0ee84f90c624d3c286dde616f2a2ab034f26	1d6f0ee84f90c624d3c286dde616f2a2ab034f26	identical
src/cfg_resolved_case_v3_loader.cpp	e8a0983773e0bc2b745ab83000a003f800edbc59	e8a0983773e0bc2b745ab83000a003f800edbc59	identical
src/cfg_resolved_case_v3_loader_detail.hpp	021e61b572de36c21422fb0afe3c07c9f988445c	021e61b572de36c21422fb0afe3c07c9f988445c	identical
src/diag_checkpoint_v2.cpp	f4a5d45865e2fb38221f364ce9099918dbcd5d22	f4a5d45865e2fb38221f364ce9099918dbcd5d22	identical
src/diag_checkpoint_v3.cpp	b644cca00e0629cfca822d6e24771a6db798e38f	b644cca00e0629cfca822d6e24771a6db798e38f	identical
src/diag_ideal_gas_closure.cpp	13f58ad2ff540f958cffeadd3d5aeb07ecca8560	13f58ad2ff540f958cffeadd3d5aeb07ecca8560	identical
src/diag_immersed_module.cpp	66e5d111c2487e0ed2c5d5e612bf19e75bc5e635	66e5d111c2487e0ed2c5d5e612bf19e75bc5e635	identical
src/diag_immersed_static.cpp	f1a3742f9f5fd404409902294dbbf79819d0eed8	f1a3742f9f5fd404409902294dbbf79819d0eed8	identical
src/diag_les_wale.cpp	76a231998aa7bcdcac2e034f222a10334fd53813	76a231998aa7bcdcac2e034f222a10334fd53813	identical
src/diag_material_density_piso.cpp	64e0f17a87b17310d5fed5cdd331516af7a381ed	64e0f17a87b17310d5fed5cdd331516af7a381ed	identical
src/diag_material_density_transport.cpp	0cd77fcd72c208a3d06cfc161509344c37056f93	0cd77fcd72c208a3d06cfc161509344c37056f93	identical
src/diag_mesh_v2.cpp	d5f91595a2397ba1906f32243910589107c7b3a6	d5f91595a2397ba1906f32243910589107c7b3a6	identical
src/diag_module.cpp	1e197d87f5e31d5e7b132faa0943db3b85c838b9	1e197d87f5e31d5e7b132faa0943db3b85c838b9	identical
src/diag_performance_artifact.cpp	3ddfd040158853b49209324d92af58ac0cfc966b	3ddfd040158853b49209324d92af58ac0cfc966b	identical
src/diag_performance_correctness.cpp	23b1d96d498adcbc74ad47b92f00cc2d1cfaeda3	23b1d96d498adcbc74ad47b92f00cc2d1cfaeda3	identical
src/diag_session.cpp	70a7587ccbd0506b332983a692611e8b2cd1e1dd	70a7587ccbd0506b332983a692611e8b2cd1e1dd	identical
src/diag_stage3_evidence_manifest.cpp	67c20ecd2a00633249b5c43a053582ab4aeec8d9	67c20ecd2a00633249b5c43a053582ab4aeec8d9	identical
src/diag_stage3_performance.cpp	6c78ab331956e4771bf973d6b663222722123e3f	6c78ab331956e4771bf973d6b663222722123e3f	identical
src/diag_structured.cpp	18516d0f8815ded8224ed66dab2d1afc0a9c384f	18516d0f8815ded8224ed66dab2d1afc0a9c384f	identical
src/diag_time_control.cpp	58cd109b6e12e197c70e6f9ef010042a6e681ccf	58cd109b6e12e197c70e6f9ef010042a6e681ccf	identical
src/exec_execution.cpp	c806b32273439a1cf2d211895611cabbbf091bc3	c806b32273439a1cf2d211895611cabbbf091bc3	identical
src/flow_adaptive_time_control.cpp	41654281f32f3950aecad022ddd6f9faf3574b19	41654281f32f3950aecad022ddd6f9faf3574b19	identical
src/flow_adaptive_time_control_detail.hpp	437d89388e55e3f31f5141f71ac5970ac0de450e	437d89388e55e3f31f5141f71ac5970ac0de450e	identical
src/flow_body_fitted_wale_detail.hpp	ac5fa570adfa4f0c915f96dc6361041f1b4edcf2	ac5fa570adfa4f0c915f96dc6361041f1b4edcf2	identical
src/flow_checkpoint_v2.cpp	4dacfd3d96afea194c63a2ee62cef0113682a67a	4dacfd3d96afea194c63a2ee62cef0113682a67a	identical
src/flow_checkpoint_v2_detail.hpp	0fdac534b5c2d40c551ceb69958464aa4139a667	0fdac534b5c2d40c551ceb69958464aa4139a667	identical
src/flow_checkpoint_v3.cpp	2722f4a1f9e92fd19a547a916bb18f99aac06c91	2722f4a1f9e92fd19a547a916bb18f99aac06c91	identical
src/flow_checkpoint_v3_detail.hpp	ef3a6baa9769f8cec5d5e0afa4aadf069c394140	ef3a6baa9769f8cec5d5e0afa4aadf069c394140	identical
src/flow_constant_density_piso.cpp	de8a15a264b54dd8bded54286a507c01a959a53a	de8a15a264b54dd8bded54286a507c01a959a53a	identical
src/flow_density_closure_detail.hpp	21995f1e36db4dad3c5e18413c5898de31fc2e1c	21995f1e36db4dad3c5e18413c5898de31fc2e1c	identical
src/flow_fixed_step_detail.hpp	5a600b55d43c025a629d5385cdfee69935f2f95c	5a600b55d43c025a629d5385cdfee69935f2f95c	identical
src/flow_ideal_gas_closure.cpp	5823d09b14bb93c9424bbc006d7f7cb8948263bf	5823d09b14bb93c9424bbc006d7f7cb8948263bf	identical
src/flow_ideal_gas_piso.cpp	bb5c223fd3f2a9b11a35b55336396e47cb3656e4	bb5c223fd3f2a9b11a35b55336396e47cb3656e4	identical
src/flow_immersed.cpp	37d79c87ad612482d0867668b2f53ef113be6a74	37d79c87ad612482d0867668b2f53ef113be6a74	identical
src/flow_immersed_access_detail.hpp	8e398587d8a06e3c3547f0f82de7e64a21edddf8	8e398587d8a06e3c3547f0f82de7e64a21edddf8	identical
src/flow_immersed_density_detail.hpp	1d0ac5348bc05b09806daca99dcfb5c40cf1012e	1d0ac5348bc05b09806daca99dcfb5c40cf1012e	identical
src/flow_immersed_piso_detail.hpp	80b78c036cb8c6703ca51f2f3c8d2f373bb5fc1c	80b78c036cb8c6703ca51f2f3c8d2f373bb5fc1c	identical
src/flow_immersed_wale_detail.hpp	e51247f38dc99fd98fbd62769456e71cb5130ff9	e51247f38dc99fd98fbd62769456e71cb5130ff9	identical
src/flow_material_density_piso.cpp	7c2367b70d336ff8dc6d1add6fc8284b7939348f	7c2367b70d336ff8dc6d1add6fc8284b7939348f	identical
src/flow_material_density_transport.cpp	1d287ae7aa8458635fb9dfe73652ca9ca5eb2a27	1d287ae7aa8458635fb9dfe73652ca9ca5eb2a27	identical
src/flow_momentum_predictor.cpp	bdb1aaa5665c19dd93d701bbe42d6992ac72967c	bdb1aaa5665c19dd93d701bbe42d6992ac72967c	identical
src/flow_passive_scalar.cpp	53e8c47a22bcc0dbc1ee342ad5afe262678d68c2	53e8c47a22bcc0dbc1ee342ad5afe262678d68c2	identical
src/flow_state.cpp	c78bbf0b68d5277b9932b2d54638bf34f084d436	c78bbf0b68d5277b9932b2d54638bf34f084d436	identical
src/fvm_cell_centered.cpp	c1cc4e6a02232a42ada77035cd1049f2705c7665	c1cc4e6a02232a42ada77035cd1049f2705c7665	identical
src/fvm_immersed_boundary_authority_detail.hpp	dff1dbff35e36574eab206ca9ea4c6b04052ac6c	dff1dbff35e36574eab206ca9ea4c6b04052ac6c	identical
src/fvm_immersed_operator.cpp	8496cfdf0d27c55a1c631e575650027d88ff2db4	8496cfdf0d27c55a1c631e575650027d88ff2db4	identical
src/fvm_immersed_reconstruction.cpp	a2f6a4406dfbd7d3ba111fac292c4fde6720e8fa	a2f6a4406dfbd7d3ba111fac292c4fde6720e8fa	identical
src/fvm_matrix_free_poisson.cpp	8ea19858dbf9cd21532863b79b89baf9fe84de6b	8ea19858dbf9cd21532863b79b89baf9fe84de6b	identical
src/fvm_matrix_free_poisson_detail.hpp	0d780667c4f3408477c7ded537f8af03f259e75c	0d780667c4f3408477c7ded537f8af03f259e75c	identical
src/fvm_poisson_boundary_adapter.cpp	fa9ca84f00480318f696ddfcb23c9e80c17d7a79	fa9ca84f00480318f696ddfcb23c9e80c17d7a79	identical
src/ib_deterministic_qr_detail.hpp	9bea1439b1007de5e52b4863dfd11a86fcd5b284	9bea1439b1007de5e52b4863dfd11a86fcd5b284	identical
src/ib_domain.cpp	a3fba7a10b1b5e8a30c9ca55e8afe525a2270203	a3fba7a10b1b5e8a30c9ca55e8afe525a2270203	identical
src/ib_ghost_stencil_plan.cpp	148c24f9a33506bbec7fa405fca55a90f64ca1a3	148c24f9a33506bbec7fa405fca55a90f64ca1a3	identical
src/ib_ghost_stencil_plan_detail.hpp	3c5508d892f0f0dcf58709c025666919c9bb51d8	3c5508d892f0f0dcf58709c025666919c9bb51d8	identical
src/ib_local_flow_pattern.cpp	9d98025c21a84fae5086cd94aa7b467e9fbdd9cb	9d98025c21a84fae5086cd94aa7b467e9fbdd9cb	identical
src/ib_quadratic_reconstruction.cpp	99131efe160b74c055c3fc133b68f32138e18dbb	99131efe160b74c055c3fc133b68f32138e18dbb	identical
src/ib_quadratic_reconstruction_detail.hpp	7f7db8b7acb839e279a62b9c722c5ff2a5c98a26	7f7db8b7acb839e279a62b9c722c5ff2a5c98a26	identical
src/ib_stl_reader_detail.hpp	bb05b81db49dd45a6723359069a335963ebab0b3	bb05b81db49dd45a6723359069a335963ebab0b3	identical
src/ib_surface.cpp	d3d52ac25da4275874a9e2aca8f28ecdd99deb8b	d3d52ac25da4275874a9e2aca8f28ecdd99deb8b	identical
src/ib_surface_bvh_detail.hpp	9b57be6b9156bbed6884fc2aef959e5f8e6e566d	9b57be6b9156bbed6884fc2aef959e5f8e6e566d	identical
src/ib_surface_query.cpp	db4fa35fee7c03ea8187749087faed1fe69f179c	db4fa35fee7c03ea8187749087faed1fe69f179c	identical
src/ib_wall_force.cpp	87eccf5ae450761fdc1a8d413ae622cf24339d62	87eccf5ae450761fdc1a8d413ae622cf24339d62	identical
src/ib_wall_force_detail.hpp	78545d07156af071ea1db943381f0bff91aca44b	78545d07156af071ea1db943381f0bff91aca44b	identical
src/les_wale.cpp	7dc679dd93297c470925267de1273052750fc919	7dc679dd93297c470925267de1273052750fc919	identical
src/lin_bicgstab.cpp	57bac037f1ea657d7c7b2b2f1337226d5c6ff6bd	57bac037f1ea657d7c7b2b2f1337226d5c6ff6bd	identical
src/lin_bicgstab_detail.hpp	1b5012cf1b8e48ba4ba2827278bc413b1cc53039	1b5012cf1b8e48ba4ba2827278bc413b1cc53039	identical
src/lin_conjugate_gradient.cpp	f7227623f5ea7669589c961332eebd2adc4047e5	f7227623f5ea7669589c961332eebd2adc4047e5	identical
src/lin_conjugate_gradient_detail.hpp	591391d3621d137196698478e7e5173e14ece729	591391d3621d137196698478e7e5173e14ece729	identical
src/lin_ghosted_vector.cpp	2d5311dc61f5c1756d16a186174a293fc6233b9a	2d5311dc61f5c1756d16a186174a293fc6233b9a	identical
src/lin_ghosted_vector_halo.cpp	323c2028b362ee11aec3169af702b162bb46594d	323c2028b362ee11aec3169af702b162bb46594d	identical
src/lin_ghosted_vector_halo_detail.cpp	d55cae351b858411de06e0077a55af0de6e594f9	d55cae351b858411de06e0077a55af0de6e594f9	identical
src/lin_ghosted_vector_halo_detail.hpp	c26b717fac54cd5f7a6266ddf27d8c02e33eca79	c26b717fac54cd5f7a6266ddf27d8c02e33eca79	identical
src/lin_preconditioners.cpp	fe4af7b44b85f0bafb2120d5941665f9fcb19f51	fe4af7b44b85f0bafb2120d5941665f9fcb19f51	identical
src/lin_preconditioners_detail.hpp	0eb586e7fa573133d25391bc3f04158c3fd008d7	0eb586e7fa573133d25391bc3f04158c3fd008d7	identical
src/lin_solve_collective_detail.cpp	4a8557815756ff3aba56a3b30e5a14ab63c2be02	4a8557815756ff3aba56a3b30e5a14ab63c2be02	identical
src/lin_solve_collective_detail.hpp	e076ac2569ad6d14befe04f8ed3a5130586aa224	e076ac2569ad6d14befe04f8ed3a5130586aa224	identical
src/lin_vector_ops.cpp	04d0d2e2547fce4a54d00613a9db47c45323f1e8	04d0d2e2547fce4a54d00613a9db47c45323f1e8	identical
src/lin_vector_ops_detail.hpp	40002b3b78ce79b956a7c4daea998457d292b5e3	40002b3b78ce79b956a7c4daea998457d292b5e3	identical
src/mesh_geometry.cpp	48455e41354a09a701c149b4c97c9c6034e9a542	48455e41354a09a701c149b4c97c9c6034e9a542	identical
src/mesh_geometry_arithmetic_detail.hpp	fb0d59a75218f31b85ab28185a54e51bffbceb7d	fb0d59a75218f31b85ab28185a54e51bffbceb7d	identical
src/mesh_topology.cpp	44879da737d664c29b6922bbf47b9e1e15879731	44879da737d664c29b6922bbf47b9e1e15879731	identical
src/mesh_uniform_structured.cpp	f5a3d771855e81ffe7a923914fe50173a0803718	f5a3d771855e81ffe7a923914fe50173a0803718	identical
src/rt_checkpoint_v2_protocol.cpp	3af0b318a57ec209e6046ef7c355a32f4821bdfc	3af0b318a57ec209e6046ef7c355a32f4821bdfc	identical
src/rt_checkpoint_v2_protocol_detail.hpp	25b19416fe32934e86ed72e25f5907c78ebdd157	25b19416fe32934e86ed72e25f5907c78ebdd157	identical
src/rt_collective_status.cpp	bfdc77b0a6ff9188e709ee399568993685aab0e3	bfdc77b0a6ff9188e709ee399568993685aab0e3	identical
src/rt_exchange_plan.cpp	6b456cdacd4c2df82db7d0292e90f8a7c70022a1	6b456cdacd4c2df82db7d0292e90f8a7c70022a1	identical
src/rt_field_access_plan.cpp	b6362632b3800e0d532e8794b0089481df8d2a63	b6362632b3800e0d532e8794b0089481df8d2a63	identical
src/rt_field_registry.cpp	cfbe1f67da95908b16b9e2efa89005d16f8f5b12	cfbe1f67da95908b16b9e2efa89005d16f8f5b12	identical
src/rt_field_storage.cpp	7895c4ed04148e4d285d95be761c1e5bc07f6633	7895c4ed04148e4d285d95be761c1e5bc07f6633	identical
src/rt_halo_detail.cpp	2d6658891965f7d6282273d4d27678707cb3b5f2	2d6658891965f7d6282273d4d27678707cb3b5f2	identical
src/rt_halo_detail.hpp	0085590161365c033062de116ea17e3be02771f5	0085590161365c033062de116ea17e3be02771f5	identical
src/rt_halo_exchange.cpp	bf3b9da400cdb3f99b52a797306efe1b294ccf16	bf3b9da400cdb3f99b52a797306efe1b294ccf16	identical
src/rt_mpi_context.cpp	92291a088486c0cf048e6e9ec7b38307bb0fb55f	92291a088486c0cf048e6e9ec7b38307bb0fb55f	identical
src/rt_mpi_environment.cpp	99926fdf928c0d0f1a2084cfe87f1b6f50bf011f	99926fdf928c0d0f1a2084cfe87f1b6f50bf011f	identical
src/rt_mpi_error.cpp	c702116698f6620d12294fb7161bdc2f71631baf	c702116698f6620d12294fb7161bdc2f71631baf	identical
src/rt_mpi_error_detail.hpp	bc3976eaba4c99ed5bf5fe97423f82404f1d54c1	bc3976eaba4c99ed5bf5fe97423f82404f1d54c1	identical
src/rt_process_grid.cpp	c3e9d022856b6f3532d553aab7366c88a8d44b95	c3e9d022856b6f3532d553aab7366c88a8d44b95	identical
src/rt_process_grid_detail.hpp	7f2b654cce5f383b882f00a667caefde746bdeb7	7f2b654cce5f383b882f00a667caefde746bdeb7	identical
src/rt_restart_binary.cpp	80e3db52763910c900366955981c36c243d5ee4f	80e3db52763910c900366955981c36c243d5ee4f	identical
src/rt_restart_detail.hpp	b79909de674ec23c4c114a679f0a30f76a66dad7	b79909de674ec23c4c114a679f0a30f76a66dad7	identical
src/rt_structured_decomposition.cpp	417347197f4f2fe025dc611ee097719ec0d7d76e	417347197f4f2fe025dc611ee097719ec0d7d76e	identical
src/rt_vtk_legacy.cpp	c4fb3aff4d24d9f92fb8f499d9ae322da0c3643a	c4fb3aff4d24d9f92fb8f499d9ae322da0c3643a	identical
src/sdk_plugin_loader.cpp	3a4f79705b7db4a740ef0dde4eaec60483b460ab	3a4f79705b7db4a740ef0dde4eaec60483b460ab	identical
third_party/yyjson/UPSTREAM.json	156a173ce74d1f2b0945b1231c95b6bb3d6cb040	156a173ce74d1f2b0945b1231c95b6bb3d6cb040	identical
third_party/yyjson/yyjson.c	c16d9258116a01b9dbd46783d89d9c91938eb396	c16d9258116a01b9dbd46783d89d9c91938eb396	identical
third_party/yyjson/yyjson.h	5eb6d46801c75c1fc26584a0ec6c2d82986f75b6	5eb6d46801c75c1fc26584a0ec6c2d82986f75b6	identical
