record_id	source	source_identity	evidence	public_idea_or_capability	hundun_owner	lifetime	identity_tuple	only_legal_rebuild_or_invalidation_causes	implementation_decision	prohibited_copying
PISO_INTERMEDIATES	OpenFOAM-dev	https://github.com/OpenFOAM/OpenFOAM-dev.git@b9da51ab0673423aa2af6a45a72a3fbec9c66f9f	applications/modules/{incompressibleFluid/correctPressure.C,isothermalFluid/correctPressure.C,isothermalFluid/isothermalFluid.C,multicomponentFluid/thermophysicalPredictor.C}	Pressure-correction intermediate ordering, compressible density/pressure storage, thermophysical-before-pressure sequencing and final flux/velocity authority	solver_piso	one attempt; rAU/optional-rAtU may span both correctors only while certified; HbyA/pressure-face-coefficient/phiHbyA are corrector-local	(momentum_numeric_revision,density_revision,consistent_diagonal_revision,trial_U_revision,trial_flux_revision,committed_flux_history_revision,face_density_EOS_revision,drho_dp_revision,BDF_revision,p_ref_gauge_revision,geometry_revision,numeric_boundary_revision,corrector_index)	momentum density/diagonal/source/constraint/numeric-BC change invalidates rAU; rAU or consistent-diagonal change invalidates optional rAtU; momentum numeric or trial-U/constraint change invalidates HbyA; reciprocal diagonal or face-rho/EOS change invalidates pressure face coefficient; any phiHbyA tuple change invalidates phiHbyA; corrector 1 trial U/phi/rho write requires corrector 2 rebuild or revision recertification	GPL-reference-only; independently derive HUNDUN equations, types, predictor schedule and tests	No source, expression, control-flow, comment, name arrangement, or translated code copied from GPL implementation
BOX_LOCAL_LAYOUT	AMReX	https://github.com/AMReX-Codes/amrex.git@59d066aab774bc388cc6ed944f7beaf645607ed3	Src/Base/AMReX_{FabArrayBase,MultiFab}.H	Box-local storage with explicit valid/ghost regions and distribution identity	core_field_storage	case execution; storage views are borrowed per operation	(field_schema_revision,mesh_patch_layout_revision,distribution_revision,ghost_width,arena_generation)	field schema/layout/distribution/ghost-width change or arena replacement; never time-step values alone	BSD-3-Clause idea, independently reimplemented as HUNDUN padded SoA/field views	No upstream source copied; no AMReX type enters HUNDUN public or core data model
HALO_METADATA	AMReX	https://github.com/AMReX-Codes/amrex.git@59d066aab774bc388cc6ed944f7beaf645607ed3	Src/Base/AMReX_FabArrayBase.H::{BDKey,FB,CPC,getFB,getCPC}	Cached halo peer/tag/span metadata	parallel_communication	case execution after all stage ghost sets freeze	(partition_revision,field_schema_revision,stage_ghost_set_revision,periodicity,peer_map,pack_span_layout)	partition, field schema, registered stage ghost set, periodicity, peer map, or pack-span layout changes; buffer/request replacement and field numeric revisions do not rebuild metadata	BSD-3-Clause idea, independently reimplemented as immutable HUNDUN halo metadata	No upstream source copied; AMR fill-patch/reflux/average-down are not adopted
HALO_BUFFERS	AMReX	https://github.com/AMReX-Codes/amrex.git@59d066aab774bc388cc6ed944f7beaf645607ed3	Src/Base/AMReX_FabArrayCommI.H::{FillBoundary_nowait,FillBoundary_finish}	Reusable halo send/receive storage supporting begin/finish exchange	parallel_communication	case execution at registered maximum capacity	(send_capacity,receive_capacity,memory_kind,numa_placement,alignment)	replace only when required send/receive capacity exceeds allocation or memory kind, NUMA placement, or alignment plan changes; metadata/request replacement and new field values do not replace buffers	BSD-3-Clause idea, independently reimplemented as preallocated HUNDUN buffers	No upstream source copied; no per-step buffer allocation
HALO_REQUESTS	AMReX	https://github.com/AMReX-Codes/amrex.git@59d066aab774bc388cc6ed944f7beaf645607ed3	Src/Base/AMReX_FabArrayCommI.H::{FillBoundary_nowait,FillBoundary_finish}	Split begin/finish request lifecycle, adapted to persistent MPI requests	parallel_communication	case execution; persistent requests survive time steps; one registered exchange instance is single-in-flight	(communicator_generation,peer_ranks,message_tags,message_counts,mpi_datatypes,registered_buffer_bindings)	recreate only when communicator, peer ranks, tags, counts, MPI datatypes, or registered buffer bindings change; metadata/buffer replacement alone does not recreate requests unless one of those request dependencies changes; field numeric revisions only invalidate ghost revisions, which publish after finish	BSD-3-Clause begin/finish idea, independently reimplemented with HUNDUN-owned persistent MPI requests	No upstream source copied; no request creation in the hot loop
EB_RESOURCE_LIFETIME	AMReX	https://github.com/AMReX-Codes/amrex.git@59d066aab774bc388cc6ed944f7beaf645607ed3	Src/EB/AMReX_{EB2_Level,EBFabFactory}.{H,cpp}; EB2::{IndexSpace,Level}; EBFArrayBoxFactory	Long-lived EB topology/metric factory tied to geometry and grid identity	mesh_eb	initialization through case shutdown for static geometry	(geometry_content_revision,geometry_transform_revision,cartesian_mesh_coordinates_revision,partition_revision,classification_policy_revision,compact_index_layout_revision)	geometry content, geometry transform, Cartesian mesh/coordinates, partition, classification policy, or compact-index layout revision changes; requested ghost extent, field values, time steps, and solver coefficients do not rebuild EBTopology	BSD-3-Clause idea, independently reimplemented as EBTopology plus separate stencil/quadrature plans	No upstream source copied; no AMR IndexSpace/factory object or API reused
BOUNDARY_STENCIL_PLAN	AMReX and COAST	AMReX@59d066aab774bc388cc6ed944f7beaf645607ed3; /home/wyf/code_dev/Coast_software@observed-worktree-2026-08-13	AMReX Src/EB/AMReX_EB2_Level.H; COAST SRC.Coast/imb_mesh_minimal.F90::{imb_build_interface_geometry_minimal,imb_norm_init_minimal}	Precompute static EB interface geometry and boundary reconstruction ownership	mesh_eb and bc_plan	case execution for static geometry	(EBTopology_identity,boundary_plan_revision,reconstruction_plan_revision,donor_policy_revision,required_ghost_extent,field_layout_revision)	EB topology, boundary plan, reconstruction/donor policy, ghost extent, or field layout change; never field values, residual, retry, or time step	Independently implemented HUNDUN plan; public AMReX idea and COAST capability only	No upstream source copied; no old COAST Fortran copied or translated
SURFACE_QUADRATURE_PLAN	AMReX and COAST	AMReX@59d066aab774bc388cc6ed944f7beaf645607ed3; /home/wyf/code_dev/Coast_software@observed-worktree-2026-08-13	AMReX Src/EB/AMReX_EB2_Level.H; COAST SRC.Coast/imb_mesh_minimal.F90::imb_build_interface_geometry_minimal	Precompute compact static EB surface integration data	mesh_eb	case execution for static geometry	(EBTopology_identity,surface_set_revision,quadrature_family_order_revision,compact_interface_index_revision)	EB topology, selected surface set, quadrature family/order, or compact interface mapping change; never thermodynamic or flow values	Independently implemented HUNDUN plan; public AMReX idea and COAST capability only	No upstream source copied; no old COAST Fortran copied or translated
REMOTE_DONOR_EXCHANGE	HUNDUN independent design	project architecture decision	Static ghost-cell IBM remote donor IDs compiled after quadratic stencil selection	Deduplicated sparse remote donor gather while regular Cartesian stages keep face-only halos	mesh_eb and parallel_communication	case execution after stencil/partition seal	(partition_revision,EBTopology_identity,QuadraticStencilPlan_identity,remote_global_donor_set,registered_field_groups,peer_map)	partition, EB topology/stencil, remote donor set, registered fields or peer map change; field values only invalidate received donor revisions	HUNDUN-native performance design; AMReX EB contributes ownership lifetime only, not this numerical exchange	No upstream/private source or cut-cell method copied; no dense 26-neighbor fill unless a stage explicitly registers it
PROJECTOR_REBUILD	IncFlo	https://github.com/AMReX-Fluids/incflo.git@7307d8725c2a538f09cafbeacbfeb63e0fb11d22	src/incflo_regrid.cpp::{MakeNewLevelFromCoarse,RemakeLevel,ClearLevel}; src/convection/incflo_compute_MAC_projected_velocities.cpp::compute_MAC_projected_velocities; src/projection/incflo_apply_nodal_projection.cpp::ApplyNodalProjection	Projection/operator resources are rebuilt at grid/EB ownership boundaries while coefficient refresh is separate	solver_projection	project-owned case resource; numeric state is refreshed per dependency revision	(topology_revision,partition_revision,geometry_revision,eb_topology_revision,boundary_plan_revision,coefficient_policy)	topology/partition/geometry/EB/boundary-plan change rebuilds operator/projector; coefficient change refills numeric state under policy; RHS/state changes alone do neither	BSD-3-Clause idea, independently reimplemented; AMR regrid machinery excluded	No upstream source copied; no IncFlo classes, APIs, or control flow adopted
SYMBOLIC_PLAN	AMReX-Hydro	https://github.com/AMReX-Fluids/amrex-hydro.git@e49df248aabd2cc11865eb5be734a2f5f2f65ee5	Projections/hydro_{MacProjector,NodalProjector}.{H,cpp}::{MacProjector,NodalProjector,m_linop}	Retain operator structure independently of current RHS and coefficients	solver_linear	across assemblies and solves with the same structural identity	(operator_kind,field_location,mesh_topology_revision,partition_revision,EB_interface_pattern_revision,boundary_position_type_pattern,stencil_pattern,backend)	operator kind/location, mesh topology, partition, EB pattern, boundary position/type pattern, stencil pattern, or backend change; never coefficient/RHS/tolerance/iteration/time-step changes	BSD-3-Clause idea, independently reimplemented as HUNDUN SymbolicPlan	No upstream source copied; no AMReX-Hydro object or API becomes HUNDUN authority
EXACT_NUMERIC_STATE	AMReX-Hydro	https://github.com/AMReX-Fluids/amrex-hydro.git@e49df248aabd2cc11865eb5be734a2f5f2f65ee5	Projections/hydro_MacProjector.{H,cpp}::{updateBeta,updateCoeffs}	Refresh current fine/coarse numeric coefficients without reconstructing structural operator ownership	solver_linear	across solves while the complete fine/coarse coefficient identity is unchanged	(SymbolicCoarsening_identity,diagonal_revision,off_diagonal_revision,time_coefficient_revision,material_transport_revision,numeric_boundary_coefficient_revision,constraint_revision,coarse_numeric_policy)	every coefficient tuple change refreshes all exact fine/coarse data required by apply/residual before certification; RHS/initial guess/tolerance/iteration changes never refill	BSD-3-Clause idea, independently reimplemented as HUNDUN ExactNumericState	No upstream source copied; coefficient setters and hierarchy representation are not copied
PRECONDITIONER_SETUP	AMReX-Hydro; HYPRE/PETSc lifecycle corroboration	https://github.com/AMReX-Fluids/amrex-hydro.git@e49df248aabd2cc11865eb5be734a2f5f2f65ee5	Projections/hydro_{MacProjector,NodalProjector}.{H,cpp}::{m_linop,m_mlmg,updateCoeffs}; official HYPRE/PETSc setup-reuse documentation	Retain smoother/coarse-solver/backend setup separately from the current exact operator	solver_linear	across solves under a registered setup-reuse policy	(SymbolicCoarsening_identity,setup_algorithm_backend,smoother_coarse_parameters,setup_coefficient_identity_or_reuse_epoch)	setup refresh only for structural/setup-policy change, forced refresh or coefficient change crossing the setup threshold; reuse requires current exact operator plus FP64 true residual	Independently implemented HUNDUN PreconditionerSetupState; threshold never skips exact/coarse numeric refresh	No upstream object, setup control flow or representation copied
SOLVER_WORKSPACE	AMReX-Hydro	https://github.com/AMReX-Fluids/amrex-hydro.git@e49df248aabd2cc11865eb5be734a2f5f2f65ee5	Projections/hydro_{MacProjector,NodalProjector}.{H,cpp}::{project,m_mlmg,m_phi,m_rhs,m_fluxes}	Retain maximum-capacity solve fields and scratch across calls	solver_linear	case execution at registered maximum compatible capacity	(solver_algorithm,backend,precision_policy,execution_plan_revision,maximum_registered_shape,maximum_krylov_subspace_capacity,reduction_layout)	replace only for algorithm/backend/precision/execution-plan change or required shape/subspace/reduction capacity beyond registered maximum; never coefficient/RHS/tolerance/iteration/retry changes	BSD-3-Clause idea, independently reimplemented as HUNDUN SolverWorkspace	No upstream source copied; no AMReX-Hydro storage layout reused
COAST_THERMO	COAST	/home/wyf/code_dev/Coast_software@observed-worktree-2026-08-13	SRC.Coast/densty.F90::densty; SRC.Coast/temperature.F90::Temperature; SRC.Coast/compress.F90::compress	Local absolute-pressure EOS density/temperature and pressure density derivative in pressure correction	physics_thermo	derived state for current trial thermodynamic revision	(local_absolute_pressure_revision,enthalpy_revision,composition_revision,thermo_model_revision)	local absolute pressure, enthalpy, composition, or thermo-model change	User-specified read-only functional reference; clean-room HUNDUN implementation	No old COAST Fortran copied or translated; no line-by-line port
COAST_ACOUSTICS	COAST	/home/wyf/code_dev/Coast_software@observed-worktree-2026-08-13	SRC.Coast/speedofsound.F90::speedofsound; SRC.Coast/averaged.F90::averaged; SRC.Coast/app/coast_legacy_driver.F90::mach_number updates	Mixture sound speed and Mach diagnostics	physics_diagnostics	derived state for current rho/T/composition/U revision	(thermo_revision,velocity_revision,diagnostic_definition)	thermo/composition/velocity or selected diagnostic-definition change	User-specified read-only functional reference; independently implement one documented HUNDUN authority	No old COAST Fortran copied or translated; do not conflate observed boundary |U|/c and field |U|sqrt(drhodp) diagnostics
COAST_BOUNDARY_TURBULENCE	COAST	/home/wyf/code_dev/Coast_software@observed-worktree-2026-08-13	SRC.Coast/{bndry_NSCBC,boundary_NSCBC,gamma_vreman,wall,boundary_wall}.F90::{bndry_NSCBC,boundary_NSCBC,gamma_vreman,WALL,boundary_wall}	NSCBC, Vreman SGS, and wall-function capability	bc_plan and physics_turbulence	boundary/turbulence plans persist for case; numeric outputs follow current fields	(boundary_schema_revision,patch_geometry_revision,thermo_model_revision,turbulence_model_revision,wall_model_revision)	boundary schema/patch geometry/thermo/turbulence/wall-model change	User-specified read-only functional reference; independent equations and tests	No old COAST Fortran copied or translated
COAST_SIMPLE_LOOP	COAST	/home/wyf/code_dev/Coast_software@observed-worktree-2026-08-13	SRC.Coast/app/coast_legacy_driver.F90::{coast_multibrick_run_timesteps,coast_multibrick_state_update,coast_multibrick_pressure_correction}; input.d::niter	SIMPLE-style transient outer iterations alternating state update and pressure correction	reference_only	observed per-step niter loop	(time_step,outer_iteration,momentum_state,pressure_state)	observational reference only; no HUNDUN rebuild rule	Functional replacement reference only; v0.4 uses exactly two PISO correctors, not SIMPLE	No old COAST Fortran copied or translated; no SIMPLE control flow adopted as v0.4 requirement
COAST_FLAT_INPUT	COAST	/home/wyf/code_dev/Coast_software@observed-worktree-2026-08-13	SRC.Coast/input.F90::input; EXEC/{input,probe,vtk_output}.d	Flat .d case inputs	app_case_compiler	initialization only; discarded after typed model/plan freeze	(case_root,referenced_file_hashes,input_schema_version)	case file/hash/schema change before a new run; never reparsed in the hot loop	Functional replacement reference; v0.4 case.json owns configuration and flat .d files hold referenced bulk data	No old parser code, fixed record order, or Fortran input implementation copied
COAST_STL_SCAN	COAST	/home/wyf/code_dev/Coast_software@observed-worktree-2026-08-13	SRC.Coast/imb_mesh_y.cpp::{read_ascii_stl_faces,sub_c_,sub_inseb_,sub_insec_,sub_insed_,imb_point_scan_}; SRC.Coast/imb_mesh_minimal.F90::imb_mesh_driver	STL ingestion and axis ray-scan capability	mesh_stl_scan	initialization only; compiled result owned by EBTopology	(stl_content_hash,unit_transform,cartesian_mesh_revision,scan_policy_revision)	STL content/unit transform/mesh/scan-policy change	Task 1 records capability and copies no source; the sole exception reserved for Task 5 is the user's authorization to port/adapt the imb_mesh_y.cpp scan mathematics/method without provenance boilerplate	No old COAST Fortran copied or translated; no other COAST C++ reuse is authorized
COAST_IO	COAST	/home/wyf/code_dev/Coast_software@observed-worktree-2026-08-13	SRC.Coast/finish.F90::finish; SRC.Coast/vtk.F90::{vtk,vtkblocks}; SRC.Coast/{output,coast_screen_summary}.F90::{output,coast_screen_write_step_summary}	Restart, Visit/VTK, and screen diagnostics	io_restart, io_visit, io_screen	cold-path/snapshot events; no authority over solver state until validated commit	(run_identity,accepted_state_revision,mesh_identity,field_schema_revision,output_policy_revision)	accepted snapshot/output policy event; restart read publishes only after validation; mesh/schema mismatch rejects or invokes an explicit cold-path remap	User-specified functional replacement reference; independent formats and transactional publication	No old COAST Fortran, binary layout, or formatting code copied or translated
COAST_ICCG	COAST	COAST@observed-worktree-2026-08-13	SRC.Coast/cgsol.F90::{cgsol,cgsol_multibrick}; SRC.Coast/module_coast_pressure_solver.F90::{coast_pressure_solve,coast_pressure_solve_legacy_iccg}; SRC.Coast/numerics/coast_numerics_wrappers.F90::solve_pressure_cg	ICCG pressure-solver assemble/solve/residual lifecycle	solver_linear_reference	observed per pressure solve; arrays and preconditioner preparation are coupled to current system	(coefficient_state,RHS,partition,IBM_state,solver_controls)	observational replacement reference only; HUNDUN uses separate Symbolic/CoarseningPlan, ExactNumericState, PreconditionerSetupState and SolverWorkspace rules	Capability/lifecycle reference only; independently implement HUNDUN Krylov/MG stack	No old COAST Fortran copied or translated; ICCG storage/control flow is not adopted
COAST_BOUNDARY_LIMIT	COAST	/home/wyf/code_dev/Coast_software@observed-worktree-2026-08-13	SRC.Coast/{bndry1,bndry2,bndry3,bndry2dp,bndry_NSCBC}.F90 boundary tables; fixed design section 17	Observed COAST reference has no periodic-boundary product capability; only nonperiodic comparison cases are eligible	reference_only	reference selection constraint	(reference_product,case_boundary_set)	Any periodic requirement makes the COAST comparison ineligible	Limitation only; HUNDUN v0.4 still requires periodic and nonperiodic boundaries	Do not turn this reference limitation into a v0.4 algorithm requirement
